日期,开盘价,最高价,最低价,收盘价,成交量(股),涨跌额,涨跌幅(%)
2015-11-02,7.1654,7.2514,6.6252,6.9264,40866212,-0.1098,-1.56
2015-11-03,6.7256,7.0315,6.5392,6.8642,40190910,-0.0623,-0.9
2015-11-04,6.8786,6.9359,6.5057,6.5296,31523556,-0.3343,-4.87
2015-11-05,6.5201,6.6396,6.2715,6.348,22189959,-0.1815,-2.78
2015-11-06,6.3002,6.9216,6.2858,6.8834,30049954,0.5352,8.43
2015-11-09,6.8164,6.9216,6.7543,6.7878,17528088,-0.0957,-1.39
2015-11-10,6.7543,6.9025,6.6969,6.8881,14777765,0.1005,1.48
2015-11-11,6.7878,6.8403,6.7352,6.7447,11009387,-0.1433,-2.08
2015-11-12,6.6013,6.6061,6.4962,6.5487,20370966,-0.1963,-2.91
2015-11-13,6.5057,6.5774,6.2858,6.4006,14924493,-0.148,-2.26
2015-11-16,6.391,6.5057,6.2811,6.3958,13781675,-0.0045,-0.07
2015-11-17,6.3958,6.4484,6.2715,6.3193,12420759,-0.0768,-1.2
2015-11-18,6.4436,6.5631,6.305,6.5201,13020475,0.2009,3.18
2015-11-19,6.4675,6.6396,6.4627,6.587,13171491,0.0672,1.03
2015-11-20,6.587,6.9933,6.5392,6.7925,18558036,0.2055,3.12
2015-11-23,6.7734,6.7925,6.4866,6.6204,14890095,-0.1718,-2.53
2015-11-24,6.4914,6.7065,6.4531,6.544,24110878,-0.0768,-1.16
2015-11-25,6.6491,7.1032,6.6157,6.7495,22676794,0.2055,3.14
2015-11-27,6.7495,6.9981,6.7161,6.8595,5637631,0.11,1.63
2015-11-30,6.8021,7.1702,6.7782,7.1032,29103299,0.2435,3.55
2015-12-01,7.1128,7.5908,7.0985,7.4617,25105852,0.3587,5.05
2015-12-02,7.347,7.4283,7.108,7.1463,12681065,-0.3156,-4.23
2015-12-03,7.1702,7.3327,6.9694,6.9885,18905240,-0.1579,-2.21
2015-12-04,6.8786,7.3136,6.8069,7.2753,12001085,0.2865,4.1
2015-12-07,7.1962,7.4264,7.1578,7.4121,9545632,0.1368,1.88
2015-12-08,7.2393,7.3353,7.0139,7.2777,11617601,-0.1342,-1.81
2015-12-09,7.1914,7.3833,7.0426,7.1242,14261925,-0.1536,-2.11
2015-12-10,7.0954,7.105,6.9707,7.0618,11350207,-0.0627,-0.88
2015-12-11,7.1914,7.3881,6.7836,6.8028,10615751,-0.2592,-3.67
2015-12-14,6.8603,6.9563,6.678,6.9275,11527694,0.1245,1.83
2015-12-15,6.9611,7.1866,6.9515,6.9851,12888739,0.0575,0.83
2015-12-16,7.0139,7.105,6.9803,7.0522,4408648,0.0671,0.96
2015-12-17,7.0091,7.0618,6.822,6.8651,7624654,-0.1869,-2.65
2015-12-18,6.846,6.9035,6.7164,6.7932,19307582,-0.0721,-1.05
2015-12-21,6.774,6.9083,6.6541,6.726,9863253,-0.0673,-0.99
2015-12-22,6.7356,6.7836,6.678,6.7452,7292476,0.0195,0.29
2015-12-23,6.8076,7.1818,6.7404,7.153,11252028,0.4081,6.05
2015-12-24,7.105,7.2777,7.0954,7.2058,2178447,0.0529,0.74
2015-12-28,7.1434,7.3305,7.1098,7.3065,5930566,0.1009,1.4
2015-12-29,7.3353,7.4073,7.2825,7.2921,6275664,-0.0146,-0.2
2015-12-30,7.3353,7.4264,7.2681,7.3305,6275678,0.0386,0.53
2015-12-31,7.3065,7.3449,7.2441,7.2921,6767773,-0.0381,-0.52
2016-01-04,7.1818,7.2681,7.0714,7.2585,15076835,-0.0335,-0.46
2016-01-05,7.2585,7.3161,7.1674,7.2106,10328195,-0.0479,-0.66
2016-01-06,7.0139,7.1962,6.9611,7.1002,11315099,-0.1103,-1.53
2016-01-07,6.9563,6.9851,6.5485,6.5773,19844662,-0.5225,-7.36
2016-01-08,6.6061,6.726,6.3854,6.4957,16431598,-0.0816,-1.24
2016-01-11,6.443,6.5773,6.2703,6.3614,15110824,-0.1345,-2.07
2016-01-12,6.4046,6.4382,6.2799,6.3614,12457550,0.0,0.0
2016-01-13,6.4046,6.4046,6.0112,6.1167,17720765,-0.2449,-3.85
2016-01-14,6.1167,6.3182,6.0688,6.2367,13352501,0.1199,1.96
2016-01-15,6.0448,6.1407,5.992,6.016,19729482,-0.2208,-3.54
2016-01-19,6.0832,6.1311,5.8529,5.9105,12925129,-0.1053,-1.75
2016-01-20,5.7569,5.8529,5.5794,5.7857,16639855,-0.1247,-2.11
2016-01-21,5.7569,6.016,5.6706,5.9536,16727921,0.1678,2.9
2016-01-22,6.0928,6.443,6.0688,6.4046,15269821,0.4507,7.57
2016-01-25,6.3758,6.5005,6.2942,6.3998,11183427,-0.0045,-0.07
2016-01-26,6.4046,6.5869,6.4046,6.5245,10725533,0.1248,1.95
2016-01-27,6.4909,6.5293,6.2175,6.4238,18484506,-0.1005,-1.54
2016-01-28,6.4526,6.5725,6.2703,6.3278,9874424,-0.0957,-1.49
2016-01-29,6.4334,6.6589,6.4046,6.6013,11361905,0.2734,4.32
2016-02-01,6.5581,6.6589,6.4909,6.6157,9549644,0.0145,0.22
2016-02-02,6.5725,6.702,6.4094,6.4526,9677516,-0.1634,-2.47
2016-02-03,6.5533,6.6061,6.2894,6.4142,7552962,-0.0381,-0.59
2016-02-04,6.3854,6.6636,6.3854,6.6445,6499149,0.2303,3.59
2016-02-05,6.5677,6.5965,6.2559,6.3326,13227678,-0.3116,-4.69
2016-02-08,6.2367,6.2607,5.9344,6.0016,14815001,-0.3312,-5.23
2016-02-09,5.9344,6.1695,5.9057,6.1023,6686490,0.1008,1.68
2016-02-10,6.1263,6.2703,6.0976,6.1695,5982701,0.0671,1.1
2016-02-11,6.0304,6.0784,5.7665,5.9488,9834281,-0.2209,-3.58
2016-02-12,5.9968,6.1359,5.8433,5.8961,10549410,-0.0529,-0.89
2016-02-16,5.9536,5.992,5.8865,5.9152,11976889,0.0195,0.33
2016-02-17,5.944,6.3038,5.9344,6.2463,8665514,0.3312,5.6
2016-02-18,6.2607,6.5725,6.2463,6.4909,11733852,0.2448,3.92
2016-02-19,6.4813,6.5917,6.3566,6.5581,9414374,0.0669,1.03
2016-02-22,6.5965,6.6589,6.5101,6.6205,10755568,0.0623,0.95
2016-02-23,6.5821,6.6301,6.1599,6.2799,14646955,-0.3403,-5.14
2016-02-24,6.2367,6.5101,6.1503,6.4909,13226854,0.211,3.36
2016-02-25,6.4526,6.5773,6.3518,6.5629,12079898,0.072,1.11
2016-02-26,6.6109,6.6205,6.3086,6.4478,10824456,-0.1148,-1.75
2016-02-29,6.3854,6.443,6.3326,6.3662,3195318,-0.0507,-0.79
2016-03-01,6.4382,6.4622,6.2799,6.371,8354199,0.0051,0.08
2016-03-02,6.419,6.7404,6.4046,6.6684,10016491,0.2975,4.67
2016-03-03,6.6732,6.6924,6.371,6.5245,10029569,-0.144,-2.16
2016-03-04,7.1482,7.5992,7.1098,7.4073,33370453,0.8828,13.53
2016-03-07,7.2845,7.6985,7.2508,7.6889,18478165,0.2815,3.8
2016-03-08,7.583,7.6022,7.323,7.3326,12330277,-0.356,-4.63
2016-03-09,7.3856,7.6263,7.3663,7.4578,11069342,0.1254,1.71
2016-03-10,7.4867,7.8045,7.4722,7.6552,14284520,0.1976,2.65
2016-03-11,7.7034,7.9152,7.7034,7.8622,15683904,0.2067,2.7
2016-03-14,7.7996,7.9778,7.7226,7.9007,9671004,0.0385,0.49
2016-03-15,7.8767,8.127,7.8237,8.0741,13934233,0.173,2.19
2016-03-16,8.0452,8.2955,7.9922,8.2763,12513970,0.2019,2.5
2016-03-17,8.2474,8.3437,8.1656,8.2618,10868207,-0.0141,-0.17
2016-03-18,8.2667,8.4641,8.2233,8.3437,30979997,0.0818,0.99
2016-03-21,8.3437,8.6374,8.3292,8.5266,10730906,0.1827,2.19
2016-03-22,8.3822,8.7048,8.3485,8.4304,11318505,-0.0964,-1.13
2016-03-23,8.4352,8.4592,8.2281,8.4063,11433800,-0.0244,-0.29
2016-03-24,8.3822,8.4929,8.2378,8.4592,8869974,0.053,0.63
2016-03-28,8.4159,8.5074,8.2907,8.4304,5529334,-0.0288,-0.34
2016-03-29,8.3629,8.5122,8.2907,8.4978,5925401,0.0674,0.8
2016-03-30,8.5315,8.6278,8.4881,8.6133,10552607,0.1156,1.36
2016-03-31,8.5892,8.647,8.4304,8.5363,10389804,-0.0767,-0.89
2016-04-01,8.4785,8.9311,8.4544,8.8589,14849134,0.3227,3.78
2016-04-04,8.8829,8.8829,8.6326,8.6855,7666968,-0.1736,-1.96
2016-04-05,8.6037,8.6229,8.4544,8.4785,8299991,-0.2067,-2.38
2016-04-06,8.4978,8.6566,8.4063,8.647,10391872,0.1687,1.99
2016-04-07,8.5652,8.6855,8.4881,8.5411,9413442,-0.1055,-1.22
2016-04-08,8.5941,8.8107,8.5748,8.6133,7279983,0.0726,0.85
2016-04-11,8.6422,8.6952,8.5026,8.5363,5878119,-0.0767,-0.89
2016-04-12,8.5266,8.5507,8.2715,8.3004,8787887,-0.2356,-2.76
2016-04-13,8.3244,8.4304,8.257,8.4255,8243231,0.1253,1.51
2016-04-14,8.3581,8.3774,8.2137,8.31,6686197,-0.1154,-1.37
2016-04-15,8.3822,8.4159,8.1126,8.3774,11861987,0.0673,0.81
2016-04-18,8.2859,8.4207,8.2522,8.3967,5661373,0.0193,0.23
2016-04-19,8.4063,8.4159,8.257,8.3004,6439694,-0.0966,-1.15
2016-04-20,8.2185,8.4255,8.2185,8.3774,5440116,0.0772,0.93
2016-04-21,8.3485,8.5411,8.3389,8.4063,5970372,0.0285,0.34
2016-04-22,8.3967,8.5218,8.3437,8.4207,7958001,0.0143,0.17
2016-04-25,8.3581,8.3822,8.0981,8.2859,5842139,-0.1347,-1.6
2016-04-26,8.3052,8.4111,8.2955,8.3581,6285691,0.0721,0.87
2016-04-27,8.3292,8.4352,8.3052,8.3341,6363648,-0.0242,-0.29
2016-04-28,8.2667,8.3726,8.1463,8.1993,4787643,-0.135,-1.62
2016-04-29,8.1318,8.1415,7.9489,8.0211,7088882,-0.1779,-2.17
2016-05-02,8.0211,8.0644,7.8382,7.8959,8461206,-0.1251,-1.56
2016-05-03,7.8141,7.8237,7.5974,7.6696,11065726,-0.2266,-2.87
2016-05-04,7.6071,7.7034,7.5493,7.6696,6637575,0.0,0.0
2016-05-05,7.6793,7.6889,7.53,7.5685,3519240,-0.1012,-1.32
2016-05-06,7.5252,7.6359,7.4915,7.5974,4983206,0.0288,0.38
2016-05-09,7.5637,7.6841,7.5445,7.6359,4943224,0.0387,0.51
2016-05-10,7.6504,7.6552,7.5156,7.6504,4761598,0.0145,0.19
2016-05-11,7.6504,7.8767,7.6456,7.713,6470157,0.0627,0.82
2016-05-12,7.7467,7.7708,7.6311,7.6552,5418380,-0.0578,-0.75
2016-05-13,7.6552,7.7611,7.5541,7.5926,6788816,-0.0628,-0.82
2016-05-16,7.5878,7.7515,7.5637,7.6841,8819406,0.0911,1.2
2016-05-17,7.6456,7.7996,7.5541,7.6167,14592610,-0.0676,-0.88
2016-05-18,7.6022,7.6696,7.4722,7.5445,6576402,-0.0724,-0.95
2016-05-19,7.4674,7.6022,7.4048,7.5974,6684880,0.0528,0.7
2016-05-20,7.5878,7.6985,7.5397,7.6408,8982944,0.0433,0.57
2016-05-23,7.6456,7.8333,7.6408,7.7371,8648551,0.0963,1.26
2016-05-24,7.7515,7.867,7.6985,7.8237,12562108,0.0867,1.12
2016-05-25,8.8252,8.907,8.2426,8.3533,43848148,0.5297,6.77
2016-05-26,8.1848,8.517,8.1078,8.3726,21732573,0.0192,0.23
2016-05-27,8.4063,8.83,8.4063,8.7914,22958541,0.4186,5.0
2016-05-31,8.6663,8.8926,8.5507,8.8926,24951912,0.1011,1.15
2016-06-01,8.8155,8.8492,8.7337,8.8059,12288770,-0.0863,-0.97
2016-06-02,8.7337,8.9214,8.7144,8.907,13663087,0.1013,1.15
2016-06-03,8.8589,8.907,8.8011,8.8348,9284670,-0.0721,-0.81
2016-06-06,8.8275,9.1607,8.8275,9.1269,12839226,0.2924,3.31
2016-06-07,9.098,9.296,9.0642,9.2525,14286211,0.1259,1.38
2016-06-08,9.3056,9.4746,9.2718,9.3442,15819380,0.0916,0.99
2016-06-09,9.3636,9.4891,9.3346,9.4408,9375374,0.0962,1.03
2016-06-10,9.3249,9.3346,9.1269,9.2332,9830680,-0.2077,-2.2
2016-06-13,9.1801,9.2477,8.9724,8.9821,10146966,-0.2511,-2.72
2016-06-14,8.9193,9.0014,8.7986,8.842,14356027,-0.1401,-1.56
2016-06-15,8.9,9.2042,8.8903,9.0786,11967601,0.237,2.68
2016-06-16,9.0207,9.0931,8.9724,9.011,12329670,-0.0672,-0.74
2016-06-17,8.9772,9.1801,8.9289,9.1463,16640998,0.1352,1.5
2016-06-20,9.2815,9.4698,9.2525,9.3587,15869212,0.2122,2.32
2016-06-21,9.3732,9.5857,9.3008,9.5422,11557672,0.1834,1.96
2016-06-22,9.4939,9.5422,9.267,9.2766,10573261,-0.2653,-2.78
2016-06-23,9.3539,9.5084,9.3394,9.4891,10183954,0.2124,2.29
2016-06-24,8.9869,9.2139,8.7454,8.7696,25440744,-0.7193,-7.58
2016-06-27,8.6923,8.6972,8.1949,8.306,18517345,-0.4639,-5.29
2016-06-28,8.4509,8.4895,8.2625,8.4026,12854986,0.0964,1.16
2016-06-29,8.5668,8.6489,8.504,8.5861,8259414,0.1832,2.18
2016-06-30,8.6537,8.9338,8.6344,8.8227,12492682,0.237,2.76
2016-07-01,8.9193,9.0014,8.7648,8.9289,8928465,0.1059,1.2
2016-07-05,8.8807,8.9,8.6633,8.7889,6134783,-0.1402,-1.57
2016-07-06,8.6923,8.9,8.6537,8.8855,7264492,0.0967,1.1
2016-07-07,8.8565,9.0352,8.8565,8.9193,6276880,0.0338,0.38
2016-07-08,9.0593,9.1945,8.9724,9.1945,10898418,0.2756,3.09
2016-07-11,9.2477,9.4022,9.2428,9.3394,10160157,0.1453,1.58
2016-07-12,9.3829,9.6098,9.3829,9.5084,12951182,0.169,1.81
2016-07-13,9.5084,9.5422,9.3201,9.4167,6864746,-0.0913,-0.96
2016-07-14,9.4746,9.7402,9.4746,9.6533,14919726,0.2364,2.51
2016-07-15,9.6968,9.7402,9.5084,9.5471,8745451,-0.1062,-1.1
2016-07-18,9.5229,9.6485,9.4891,9.5567,5880923,0.0095,0.1
2016-07-19,9.5084,9.6292,9.5036,9.5567,5534604,0.0,0.0
2016-07-20,9.5616,9.6968,9.5278,9.6871,5313771,0.13,1.36
2016-07-21,9.6726,9.7354,9.5181,9.5374,9097923,-0.1502,-1.55
2016-07-22,9.5712,9.6823,9.5326,9.6823,8366468,0.145,1.52
2016-07-25,9.8272,9.8948,9.7499,9.7595,9714925,0.0775,0.8
2016-07-26,9.7499,9.8803,9.7306,9.8754,7947630,0.1161,1.19
2016-07-27,9.8996,9.9817,9.7837,9.8272,6553333,-0.0484,-0.49
2016-07-28,9.803,9.8658,9.7306,9.8078,4357541,-0.0197,-0.2
2016-07-29,9.8127,10.5757,9.7064,10.1507,31460804,0.3433,3.5
2016-08-01,10.2086,10.426,9.9624,10.1797,13895483,0.0294,0.29
2016-08-02,10.1555,10.1893,9.972,10.03,11025313,-0.1496,-1.47
2016-08-03,10.03,10.3922,9.9865,10.3873,13898055,0.3571,3.56
2016-08-04,10.3728,10.5853,10.3632,10.5081,8926479,0.1205,1.16
2016-08-05,10.5467,10.7205,10.5129,10.5805,9491096,0.0725,0.69
2016-08-08,10.6239,10.706,10.4211,10.4549,7776238,-0.1259,-1.19
2016-08-09,10.4936,10.5563,10.4404,10.4791,8058617,0.024,0.23
2016-08-10,10.4936,10.5032,10.3487,10.4066,5689398,-0.0723,-0.69
2016-08-11,10.426,10.5563,10.3922,10.5177,7576648,0.1113,1.07
2016-08-12,10.4694,10.6046,10.3825,10.5708,10561285,0.0536,0.51
2016-08-15,10.5901,10.7157,10.5757,10.6288,7158478,0.0581,0.55
2016-08-16,10.5757,10.706,10.5322,10.6578,6101637,0.0287,0.27
2016-08-17,10.6529,10.7157,10.3728,10.4501,9769586,-0.2078,-1.95
2016-08-18,10.4018,10.5708,10.4018,10.5563,6718078,0.1066,1.02
2016-08-19,10.5177,10.6046,10.4984,10.566,6041332,0.0095,0.09
2016-08-22,10.537,10.6143,10.4453,10.595,4439999,0.0285,0.27
2016-08-23,10.6384,10.6578,10.566,10.5901,7915489,-0.0053,-0.05
2016-08-24,10.5853,10.6481,10.4646,10.4742,4513234,-0.1154,-1.09
2016-08-25,10.4453,10.595,10.3584,10.5467,7169387,0.0723,0.69
2016-08-26,10.5757,10.6674,10.4356,10.5177,5290425,-0.0285,-0.27
2016-08-29,10.5081,10.6867,10.4936,10.5467,5890888,0.0294,0.28
2016-08-30,10.5901,10.6046,10.3584,10.4211,9164028,-0.1255,-1.19
2016-08-31,10.4018,10.4694,10.2183,10.3728,9559777,-0.0479,-0.46
2016-09-01,10.3487,10.7785,10.1797,10.7012,18914046,0.3288,3.17
2016-09-02,10.706,10.7688,10.595,10.7254,6567478,0.0246,0.23
2016-09-06,10.7109,10.7109,10.5032,10.5563,8539832,-0.1695,-1.58
2016-09-07,10.6288,10.7785,10.3873,10.6674,20543794,0.1108,1.05
2016-09-08,10.6239,10.7205,10.2956,10.3245,29248074,-0.3424,-3.21
2016-09-09,10.2135,10.368,10.1024,10.1024,15764988,-0.222,-2.15
2016-09-12,10.0058,10.3439,9.9624,10.2811,12750159,0.1788,1.77
2016-09-13,10.1893,10.3197,10.1652,10.2183,12002458,-0.0627,-0.61
2016-09-14,10.2038,10.3439,10.1845,10.3149,10976841,0.0971,0.95
2016-09-15,10.2956,10.6916,10.2811,10.6867,12907651,0.3714,3.6
2016-09-16,10.6578,10.7785,10.6046,10.7495,16349085,0.0631,0.59
2016-09-19,10.8026,11.1069,10.7978,10.9523,12007924,0.2032,1.89
2016-09-20,10.991,11.0827,10.9234,10.9234,9668378,-0.0285,-0.26
2016-09-21,10.9137,11.1648,10.8992,11.1648,10676569,0.2414,2.21
2016-09-22,11.1745,11.3628,11.1745,11.2228,10239047,0.0581,0.52
2016-09-23,11.1696,11.2372,11.0634,11.0972,7247104,-0.1257,-1.12
2016-09-26,11.0392,11.0924,10.933,11.0054,8107145,-0.0921,-0.83
2016-09-27,10.9572,11.1213,10.8944,11.0682,13124750,0.0627,0.57
2016-09-28,11.1069,11.1986,11.0199,11.1262,7072567,0.0576,0.52
2016-09-29,11.0875,11.2566,11.0489,11.0586,9053453,-0.0679,-0.61
2016-09-30,11.1455,11.2469,10.9089,10.9861,16210077,-0.073,-0.66
2016-10-03,10.9089,11.0296,10.8895,10.9378,11689986,-0.0483,-0.44
2016-10-04,10.9523,11.0731,10.7495,10.8123,9134892,-0.1258,-1.15
2016-10-05,10.8461,11.0441,10.8461,11.0103,7272265,0.1979,1.83
2016-10-06,10.9813,11.0344,10.9282,10.9523,6550214,-0.0584,-0.53
2016-10-07,10.9741,10.9886,10.7321,10.8144,9363568,-0.138,-1.26
2016-10-10,10.8821,10.9838,10.8628,10.8918,9202424,0.0779,0.72
2016-10-11,10.8918,10.8918,10.6014,10.6401,10109745,-0.2516,-2.31
2016-10-12,10.6885,10.7079,10.553,10.6498,7762767,0.0096,0.09
2016-10-13,10.5433,10.6256,10.3884,10.5336,13811557,-0.1161,-1.09
2016-10-14,10.4271,10.6256,10.3981,10.4223,13561136,-0.1117,-1.06
2016-10-17,10.4077,10.4997,10.2674,10.2964,11645797,-0.1261,-1.21
2016-10-18,10.4271,10.4513,10.2141,10.3932,11685976,0.0968,0.94
2016-10-19,10.461,10.6353,10.4319,10.5191,17489613,0.1258,1.21
2016-10-20,10.4707,10.6062,10.4271,10.5917,10591334,0.0726,0.69
2016-10-21,10.5046,10.5191,10.3835,10.4707,11967270,-0.1207,-1.14
2016-10-24,10.4949,10.5481,10.4513,10.4949,9044100,0.0241,0.23
2016-10-25,10.4803,10.5046,10.3545,10.4561,9246243,-0.0388,-0.37
2016-10-26,10.4223,10.5578,10.3932,10.553,7603675,0.0972,0.93
2016-10-27,10.5917,10.8386,10.5917,10.7418,12645578,0.1889,1.79
2016-10-28,10.7466,10.887,10.6498,10.7321,7507107,-0.0097,-0.09
2016-10-31,10.7708,10.9015,10.7563,10.8773,8140891,0.1449,1.35
2016-11-01,10.8531,10.9209,10.5384,10.6885,7379247,-0.1893,-1.74
2016-11-02,10.6691,10.7321,10.5868,10.6595,8328528,-0.0289,-0.27
2016-11-03,10.6837,10.7369,10.5336,10.553,6998671,-0.1066,-1.0
2016-11-04,10.4755,10.8434,10.4174,10.6691,7716082,0.1161,1.1
2016-11-07,10.8337,11.2258,10.8289,11.1871,10804732,0.5175,4.85
2016-11-08,11.1871,11.3711,11.0806,11.25,12794661,0.0626,0.56
2016-11-09,10.8628,11.4001,10.824,11.2452,15356547,-0.0045,-0.04
2016-11-10,11.3033,11.4679,11.0903,11.1677,13043288,-0.0776,-0.69
2016-11-11,11.1435,11.3178,11.0951,11.2839,9448813,0.1161,1.04
2016-11-14,11.3033,11.434,11.1677,11.3033,12373592,0.0192,0.17
2016-11-15,11.3614,11.3904,11.2016,11.3323,14775395,0.0294,0.26
2016-11-16,11.2839,11.4485,11.2355,11.3904,11548963,0.0578,0.51
2016-11-17,11.3614,11.4582,11.2597,11.4243,10900544,0.0342,0.3
2016-11-18,11.4679,11.5453,11.2646,11.2839,16593182,-0.1405,-1.23
2016-11-21,11.3372,11.4001,11.0419,11.1919,23305434,-0.0925,-0.82
2016-11-22,11.1823,11.2984,10.9451,11.0709,24166741,-0.1209,-1.08
2016-11-23,10.9886,11.4388,10.8773,11.4001,21568880,0.3288,2.97
2016-11-25,11.1435,11.3226,10.9935,11.2404,10647783,-0.1596,-1.4
2016-11-28,11.1193,11.3226,11.0758,11.2984,21856006,0.0584,0.52
2016-11-29,11.2404,11.5695,11.2404,11.4921,14084493,0.1932,1.71
2016-11-30,11.5163,11.5695,11.4388,11.5211,14473344,0.0287,0.25
2016-12-01,11.5114,11.5695,11.2936,11.313,12190465,-0.2085,-1.81
2016-12-02,11.3081,11.5695,11.2984,11.5453,7340248,0.2319,2.05
2016-12-05,11.5792,11.7244,11.5356,11.7196,10272231,0.1743,1.51
2016-12-06,11.6954,11.7051,11.5647,11.5986,9846405,-0.1207,-1.03
2016-12-07,11.5405,12.0004,11.526,11.9471,16290602,0.3491,3.01
2016-12-08,11.9326,12.0004,11.8648,11.9277,7100188,-0.0191,-0.16
2016-12-09,11.889,11.9907,11.7728,11.8648,13314094,-0.0632,-0.53
2016-12-12,11.6925,11.7556,11.5032,11.6003,12350596,-0.2646,-2.23
2016-12-13,11.5712,11.7556,11.5275,11.6149,10863053,0.0151,0.13
2016-12-14,11.5226,11.8333,11.5178,11.61,9834236,-0.0046,-0.04
2016-12-15,11.576,11.5857,11.4887,11.5178,16105393,-0.0917,-0.79
2016-12-16,11.4692,11.5469,11.3479,11.4013,20624216,-0.1163,-1.01
2016-12-19,11.3673,11.6003,11.3673,11.5178,6799929,0.1163,1.02
2016-12-20,11.5372,11.6391,11.479,11.5712,9068099,0.053,0.46
2016-12-21,11.5712,11.6682,11.5518,11.5954,5421404,0.0243,0.21
2016-12-22,11.6051,11.644,11.4159,11.5323,6402497,-0.0626,-0.54
2016-12-23,11.5372,11.5712,11.4935,11.5615,5885500,0.0288,0.25
2016-12-27,11.5566,11.6003,11.4644,11.5226,3784965,-0.0393,-0.34
2016-12-28,11.5615,11.5615,11.3042,11.3091,6595343,-0.2132,-1.85
2016-12-29,11.2994,11.3916,11.2508,11.3285,5149336,0.0192,0.17
2016-12-30,11.2751,11.3819,11.178,11.2314,6313337,-0.0974,-0.86
2017-01-03,11.2557,11.3916,11.1538,11.2605,8056579,0.0292,0.26
2017-01-04,11.3091,11.5081,11.28,11.3819,6956482,0.1216,1.08
2017-01-05,11.3819,11.445,11.3236,11.4353,11556223,0.0535,0.47
2017-01-06,11.4401,11.4401,10.8771,11.212,14541596,-0.223,-1.95
2017-01-09,11.2314,11.2508,10.9256,10.9499,14292746,-0.2624,-2.34
2017-01-10,11.013,11.1683,10.9256,11.1392,13491465,0.1894,1.73
2017-01-11,11.1246,11.1538,10.9742,11.047,9276997,-0.0925,-0.83
2017-01-12,11.0324,11.0858,10.8868,11.0421,8273242,-0.0044,-0.04
2017-01-13,11.0421,11.1877,11.0373,11.1343,5757032,0.0927,0.84
2017-01-17,11.0809,11.1586,10.9887,11.013,5902467,-0.1214,-1.09
2017-01-18,11.0518,11.1586,10.9645,11.0955,8449101,0.0826,0.75
2017-01-19,11.0615,11.1052,11.0081,11.0518,5798493,-0.0433,-0.39
2017-01-20,11.0615,11.1149,10.9887,11.1052,9054790,0.0531,0.48
2017-01-23,11.0761,11.1295,10.8674,10.9548,9075315,-0.1499,-1.35
2017-01-24,11.0227,11.2071,10.9984,11.1101,8221029,0.1556,1.42
2017-01-25,11.1732,11.2314,11.0858,11.1538,7295879,0.0433,0.39
2017-01-26,11.144,11.2071,10.979,10.979,6134510,-0.1751,-1.57
2017-01-27,11.0324,11.0664,10.9111,10.945,6810109,-0.034,-0.31
2017-01-30,10.9159,10.9159,10.6732,10.7509,9345204,-0.1937,-1.77
2017-01-31,10.746,11.013,10.6004,11.0081,12485377,0.257,2.39
2017-02-01,11.0324,11.0567,10.8577,10.9645,9739734,-0.044,-0.4
2017-02-02,10.8043,11.0373,10.8043,11.013,8296898,0.0482,0.44
2017-02-03,11.0421,11.445,11.0421,11.4061,13433295,0.3932,3.57
2017-02-06,11.3333,11.4838,11.3139,11.4256,5493289,0.0194,0.17
2017-02-07,11.4256,11.5518,11.4159,11.4984,6505100,0.0731,0.64
2017-02-08,11.4644,11.5906,11.4304,11.4692,6084922,-0.0287,-0.25
2017-02-09,11.4984,11.7071,11.4353,11.6877,7010194,0.2179,1.9
2017-02-10,11.6877,11.775,11.6391,11.644,8311147,-0.0432,-0.37
2017-02-13,11.6585,11.7605,11.6294,11.7071,6467918,0.0629,0.54
2017-02-14,11.6877,11.7216,11.6294,11.7168,9756502,0.0094,0.08
2017-02-15,11.7556,11.8624,11.6925,11.8333,6836444,0.116,0.99
2017-02-16,11.8284,11.8818,11.7508,11.809,6849111,-0.0249,-0.21
2017-02-17,11.7702,11.8527,11.7119,11.843,7583435,0.0342,0.29
2017-02-21,11.843,11.9886,11.8236,11.9692,9465196,0.1267,1.07
2017-02-22,11.9109,12.076,11.8915,12.0274,7642602,0.0586,0.49
2017-02-23,12.0517,12.0662,11.8915,11.9692,13305792,-0.0577,-0.48
2017-02-24,10.7412,11.1538,10.7266,11.144,46978605,-0.8246,-6.89
2017-02-27,11.047,11.047,10.8091,10.8286,19012500,-0.3154,-2.83
2017-02-28,10.7121,11.1052,10.6781,11.0761,18360146,0.248,2.29
2017-03-01,11.1683,11.3091,11.1295,11.2508,13272324,0.175,1.58
2017-03-02,11.2217,11.2654,11.0858,11.1392,10778125,-0.1114,-0.99
2017-03-03,11.1198,11.2945,11.1052,11.1877,11568060,0.049,0.44
2017-03-06,11.0907,11.2266,11.0809,11.1974,15560509,0.0101,0.09
2017-03-07,11.1489,11.2557,11.0179,11.0761,13897601,-0.1209,-1.08
2017-03-08,11.0664,11.0907,10.9548,10.979,12704973,-0.0975,-0.88
2017-03-09,10.9353,11.013,10.8625,10.9062,11029658,-0.0725,-0.66
2017-03-10,10.9353,11.013,10.7752,10.8577,11153683,-0.0491,-0.45
2017-03-13,10.8017,10.9185,10.792,10.865,10088379,0.0076,0.07
2017-03-14,10.826,10.8698,10.7189,10.8212,10088371,-0.0435,-0.4
2017-03-15,10.8212,11.123,10.7628,11.0451,14013907,0.224,2.07
2017-03-16,11.05,11.1278,10.9526,11.0208,10297833,-0.0243,-0.22
2017-03-17,11.0256,11.1911,10.9575,11.123,12379737,0.1025,0.93
2017-03-20,11.084,11.2301,11.0305,11.1717,8572871,0.0489,0.44
2017-03-21,11.1717,11.2349,10.8066,10.8309,16224945,-0.3407,-3.05
2017-03-22,10.8163,10.9769,10.7579,10.9526,9092632,0.1213,1.12
2017-03-23,10.9283,11.1765,10.8942,11.0986,9762148,0.1457,1.33
2017-03-24,11.1278,11.3128,11.0159,11.084,9174040,-0.0144,-0.13
2017-03-27,10.9769,11.123,10.8942,11.0597,6688787,-0.0244,-0.22
2017-03-28,11.0451,11.2982,11.0159,11.2009,8425849,0.1416,1.28
2017-03-29,11.196,11.6487,11.1522,11.5221,17229456,0.3215,2.87
2017-03-30,11.4881,11.5952,11.4491,11.4978,8948331,-0.0242,-0.21
2017-03-31,11.4053,11.6828,11.4053,11.5367,14225838,0.0391,0.34
2017-04-03,11.6955,11.7344,11.2471,11.4161,32015556,-0.1235,-1.07
2017-04-04,11.3056,11.637,11.2731,11.6305,19049173,0.2146,1.88
2017-04-05,11.6825,11.7604,11.5525,11.6305,19009037,0.0,0.0
2017-04-06,11.6825,11.7799,11.637,11.7085,12394962,0.0779,0.67
2017-04-07,11.663,11.9878,11.637,11.8774,28146637,0.1686,1.44
2017-04-10,11.9164,12.0268,11.8514,11.8904,22041183,0.0131,0.11
2017-04-11,11.8644,11.9229,11.7539,11.8124,11342890,-0.0785,-0.66
2017-04-12,11.9099,11.9164,11.6565,11.7279,13722968,-0.0851,-0.72
2017-04-13,11.702,11.7994,11.6565,11.689,16281369,-0.0387,-0.33
2017-04-17,11.7085,11.7799,11.6825,11.7669,7940003,0.0783,0.67
2017-04-18,11.7474,11.8254,11.6825,11.7799,8009906,0.0129,0.11
2017-04-19,11.7929,11.8839,11.7539,11.7994,7302954,0.02,0.17
2017-04-20,11.8449,11.9619,11.8124,11.9099,10243907,0.1109,0.94
2017-04-21,11.8904,11.9034,11.7085,11.7864,12252832,-0.1239,-1.04
2017-04-24,11.8579,12.0463,11.8319,11.9814,14046458,0.1945,1.65
2017-04-25,12.0138,12.0788,11.9684,12.0333,8534762,0.0515,0.43
2017-04-26,12.0203,12.2023,11.9684,12.0918,10930195,0.059,0.49
2017-04-27,12.0853,12.1243,11.9749,12.1048,13814765,0.0133,0.11
2017-04-28,12.0983,12.1503,12.0138,12.1048,9281917,0.0,0.0
2017-05-01,12.1438,12.2348,12.1113,12.1698,8205002,0.0654,0.54
2017-05-02,12.1633,12.2413,12.1243,12.1503,7843404,-0.0195,-0.16
2017-05-03,12.1243,12.1958,12.0658,12.1308,10992961,-0.0194,-0.16
2017-05-04,12.1828,12.2153,12.0918,12.1828,6562089,0.0522,0.43
2017-05-05,12.2413,12.2477,12.1308,12.2348,12735999,0.0524,0.43
2017-05-08,12.2413,12.3127,12.1893,12.2737,9104972,0.0392,0.32
2017-05-09,12.2607,12.3257,12.1113,12.2023,16309722,-0.0712,-0.58
2017-05-10,12.2088,12.3452,12.1828,12.3452,11368391,0.1428,1.17
2017-05-11,12.2932,12.3842,12.2218,12.2542,12443363,-0.0914,-0.74
2017-05-12,12.2672,12.3582,12.2413,12.2672,9614504,0.0135,0.11
2017-05-15,12.2802,12.4297,12.2607,12.3387,10712898,0.0712,0.58
2017-05-16,12.3452,12.4492,12.2932,12.4167,9511902,0.0777,0.63
2017-05-17,12.2997,12.3647,12.1633,12.2153,13040758,-0.2011,-1.62
2017-05-18,12.1178,12.3192,12.0333,12.2023,12433342,-0.0134,-0.11
2017-05-19,12.2413,12.3452,12.0008,12.0398,20162007,-0.1623,-1.33
2017-05-22,12.0333,12.2477,12.0268,12.2088,13548946,0.1686,1.4
2017-05-23,12.2607,12.2802,12.1828,12.2542,13900935,0.0452,0.37
2017-05-24,12.2413,12.3322,12.2023,12.2867,11794177,0.0331,0.27
2017-05-25,12.3257,12.3452,12.2218,12.2413,18113260,-0.0455,-0.37
2017-05-26,12.2477,12.2737,12.1763,12.2348,13436562,-0.0061,-0.05
2017-05-30,12.2023,12.2997,12.1438,12.2477,17736032,0.0135,0.11
2017-05-31,12.2153,12.2672,12.0593,12.2218,23884016,-0.0257,-0.21
2017-06-01,11.9229,11.9359,11.3511,11.3836,38879030,-0.8384,-6.86
2017-06-02,11.2666,11.4226,11.0132,11.3056,29938805,-0.0774,-0.68
2017-06-05,11.2666,11.2731,11.1302,11.1497,15522645,-0.156,-1.38
2017-06-06,11.1367,11.1692,11.0652,11.0652,13823545,-0.0847,-0.76
2017-06-07,11.0652,11.2017,11.0522,11.0717,14542252,0.0066,0.06
2017-06-08,11.1042,11.1237,11.0327,11.0782,10702312,0.0066,0.06
2017-06-09,11.0717,11.2536,10.9223,11.0392,10521133,-0.0388,-0.35
2017-06-12,11.0164,11.0751,10.8011,10.9903,11555260,-0.0486,-0.44
2017-06-13,10.9707,11.0686,10.9577,11.0099,12179693,0.0198,0.18
2017-06-14,10.9903,11.0555,10.8598,10.9186,11392997,-0.0914,-0.83
2017-06-15,10.8925,10.9316,10.7424,10.7751,17885384,-0.143,-1.31
2017-06-16,10.8142,10.8338,10.7229,10.7555,15010511,-0.0194,-0.18
2017-06-19,10.7685,10.9381,10.7685,10.9055,11151327,0.1495,1.39
2017-06-20,10.8859,10.9186,10.749,10.8533,13479004,-0.0523,-0.48
2017-06-21,10.8925,10.9512,10.7881,10.8077,10259905,-0.0456,-0.42
2017-06-22,10.7881,10.9251,10.762,10.8794,9427650,0.0713,0.66
2017-06-23,10.9251,11.0881,10.8664,10.9903,17405799,0.111,1.02
2017-06-26,11.0033,11.0751,10.9512,10.9642,10885769,-0.0264,-0.24
2017-06-27,10.9186,10.9512,10.762,10.762,9843806,-0.2017,-1.84
2017-06-28,10.8207,11.062,10.762,11.0229,10145613,0.2605,2.42
2017-06-29,10.9251,10.9577,10.6772,10.8598,12734039,-0.1631,-1.48
2017-06-30,10.912,10.9577,10.8142,10.8207,8788287,-0.0391,-0.36
2017-07-03,10.8729,11.0164,10.8729,10.8729,4566881,0.0519,0.48
2017-07-05,10.9055,11.0816,10.899,11.049,10819752,0.1761,1.62
2017-07-06,10.9903,11.036,10.7098,10.749,14537941,-0.3005,-2.72
2017-07-07,10.7751,10.8598,10.6968,10.8338,13217694,0.0849,0.79
2017-07-10,10.8338,10.9838,10.8272,10.9186,10170599,0.0845,0.78
2017-07-11,10.899,10.9903,10.8077,10.9446,9123711,0.0262,0.24
2017-07-12,10.9251,10.9903,10.8142,10.9512,10437693,0.0066,0.06
2017-07-13,10.9512,11.1925,10.9316,11.1468,13738461,0.196,1.79
2017-07-14,11.1534,11.2382,11.1012,11.2121,6129621,0.0658,0.59
2017-07-17,11.2121,11.2969,11.1534,11.2382,7731116,0.0258,0.23
2017-07-18,11.2186,11.2512,11.1207,11.186,10506432,-0.0517,-0.46
2017-07-19,11.2512,11.5512,11.2512,11.5251,13419835,0.3389,3.03
2017-07-20,11.5251,11.6947,11.5121,11.6752,14631164,0.1498,1.3
2017-07-21,11.6491,11.7599,11.5904,11.7469,11786725,0.0712,0.61
2017-07-24,11.7273,11.8056,11.6034,11.636,10919482,-0.1104,-0.94
2017-07-25,11.636,11.7469,11.5708,11.6621,7702255,0.0256,0.22
2017-07-26,11.6752,11.7143,11.4469,11.486,7976202,-0.1761,-1.51
2017-07-27,11.5447,11.5447,11.349,11.4469,10228387,-0.0391,-0.34
2017-07-28,11.4143,11.4469,11.2773,11.4208,9136957,-0.0263,-0.23
2017-07-31,11.4795,11.5773,11.4143,11.4208,8762126,0.0,0.0
2017-08-01,11.4469,11.4795,11.3816,11.4469,7714003,0.0263,0.23
2017-08-02,11.473,11.5056,11.2642,11.3164,7968737,-0.1305,-1.14
2017-08-03,11.3099,11.3229,11.1925,11.2773,6660133,-0.0396,-0.35
2017-08-04,11.2773,11.4599,11.2773,11.4208,6302497,0.1432,1.27
2017-08-07,11.4077,11.5121,11.3816,11.499,4584397,0.0788,0.69
2017-08-08,11.473,11.5447,11.4273,11.499,7890557,0.0,0.0
2017-08-09,11.4469,11.5447,11.3751,11.5056,6970445,0.0069,0.06
2017-08-10,11.4795,11.4795,11.1338,11.1664,8880597,-0.3394,-2.95
2017-08-11,11.2186,11.3295,11.1925,11.2838,5279450,0.1172,1.05
2017-08-14,11.4077,11.6425,11.3882,11.4664,7955051,0.1828,1.62
2017-08-15,11.4534,11.636,11.4338,11.5773,8316514,0.1112,0.97
2017-08-16,11.5708,11.6556,11.4338,11.4795,4915676,-0.0984,-0.85
2017-08-17,11.4273,11.5317,11.2838,11.2838,9172965,-0.1951,-1.7
2017-08-18,11.2577,11.349,11.1468,11.2055,9559965,-0.0779,-0.69
2017-08-21,11.2186,11.3164,11.1403,11.2903,6091153,0.0852,0.76
2017-08-22,11.3229,11.5447,11.3164,11.5251,5451087,0.2348,2.08
2017-08-23,11.4469,11.5773,11.4338,11.5512,7053018,0.0265,0.23
2017-08-24,11.5577,11.7795,11.5186,11.7078,6636112,0.1571,1.36
2017-08-25,11.7339,11.8317,11.6165,11.7078,9035773,0.0,0.0
2017-08-28,11.7273,11.7273,11.5317,11.6034,7495126,-0.1042,-0.89
2017-08-29,11.5121,11.7078,11.4664,11.6882,5905678,0.0847,0.73
2017-08-30,11.6621,11.7339,11.5969,11.7273,6278045,0.0386,0.33
2017-08-31,11.7273,11.8317,11.7078,11.7795,11328969,0.0516,0.44
2017-09-01,11.8814,12.1,11.6207,12.0327,22355795,0.2533,2.15
2017-09-05,11.9402,12.1084,11.6291,11.8057,27471170,-0.2274,-1.89
2017-09-06,12.0159,12.0411,11.4357,11.5786,40580268,-0.2267,-1.92
2017-09-07,11.545,11.5786,11.1414,11.1414,27036825,-0.4377,-3.78
2017-09-08,11.175,11.2591,10.9816,11.0321,24308651,-0.1092,-0.98
2017-09-11,11.1834,11.3264,11.133,11.2255,16505858,0.1931,1.75
2017-09-12,11.2889,11.3311,10.9762,11.0861,19399565,-0.1392,-1.24
2017-09-13,11.0523,11.1959,10.9593,11.179,24975429,0.0931,0.84
2017-09-14,11.1368,11.4325,11.0945,11.3818,16071715,0.2023,1.81
2017-09-15,11.2973,11.4579,11.2551,11.4241,15605995,0.0421,0.37
2017-09-18,11.4663,11.5931,11.4156,11.441,12586086,0.0171,0.15
2017-09-19,11.4579,11.5255,11.3818,11.3987,10087546,-0.0423,-0.37
2017-09-20,11.4748,11.5593,11.4072,11.517,17348043,0.1185,1.04
2017-09-21,11.4917,11.7451,11.4156,11.6522,22598605,0.1348,1.17
2017-09-22,11.7113,12.0747,11.6775,12.0493,22932470,0.3973,3.41
2017-09-25,11.9902,12.438,11.9733,12.4211,29532238,0.3723,3.09
2017-09-26,12.4549,12.7422,12.4127,12.5817,25926091,0.1602,1.29
2017-09-27,12.5817,12.776,12.5225,12.5479,22027401,-0.034,-0.27
2017-09-28,12.5394,12.6239,12.3113,12.3113,11473548,-0.2372,-1.89
2017-09-29,12.3366,12.4634,12.2859,12.4296,6736895,0.1182,0.96
2017-10-02,12.4042,12.6746,12.3789,12.6493,13719642,0.22,1.77
2017-10-03,12.6493,12.6662,12.3535,12.4127,10203601,-0.2365,-1.87
2017-10-04,12.4211,12.5817,12.2944,12.5056,7636527,0.0931,0.75
2017-10-05,12.5394,12.6408,12.4718,12.531,7074433,0.025,0.2
2017-10-06,12.4972,12.5479,12.3197,12.5056,11827338,-0.0251,-0.2
2017-10-09,12.5394,12.6493,12.4803,12.5056,8658288,0.0,0.0
2017-10-10,12.5225,12.7,12.5141,12.6408,13292757,0.1351,1.08
2017-10-11,12.6239,12.7084,12.5479,12.6239,13407250,-0.0164,-0.13
2017-10-12,12.6155,12.6239,12.4465,12.5056,11228902,-0.1187,-0.94
2017-10-13,12.3789,12.7253,12.3704,12.5817,13707772,0.0763,0.61
2017-10-16,12.5732,12.6408,12.5141,12.5563,8706716,-0.0252,-0.2
2017-10-17,12.5394,12.5817,12.2944,12.3451,12841093,-0.2109,-1.68
2017-10-18,12.3958,12.5056,12.3958,12.4211,6831445,0.0765,0.62
2017-10-19,12.2521,12.2775,11.6606,11.7113,23836451,-0.7092,-5.71
2017-10-20,11.7282,11.9902,11.6606,11.8634,12664357,0.1522,1.3
2017-10-23,11.9057,12.1085,11.8803,12.0409,8564751,0.1779,1.5
2017-10-24,12.0409,12.2352,12.024,12.0916,8236556,0.0506,0.42
2017-10-25,12.0662,12.0747,11.7282,11.8972,15537270,-0.1947,-1.61
2017-10-26,12.0071,12.0916,11.8972,12.0409,7006971,0.144,1.21
2017-10-27,12.0578,12.1169,11.9817,12.0662,7034055,0.0253,0.21
2017-10-30,12.024,12.0662,11.7536,11.8127,11940097,-0.2534,-2.1
2017-10-31,11.8465,11.8803,11.7282,11.762,10261896,-0.0508,-0.43
2017-11-01,11.7789,11.7789,11.3818,11.4917,15499993,-0.2705,-2.3
2017-11-02,11.4663,11.5424,11.3987,11.517,17522402,0.0253,0.22
2017-11-03,11.5086,11.517,11.3227,11.4072,9542917,-0.1094,-0.95
2017-11-06,11.3734,11.517,11.1875,11.517,9582892,0.1095,0.96
2017-11-07,11.4917,11.61,11.4241,11.4663,7362348,-0.0507,-0.44
2017-11-08,11.4579,11.4832,11.3734,11.441,7751865,-0.0252,-0.22
2017-11-09,11.3903,11.6184,11.3818,11.5931,6231067,0.1522,1.33
2017-11-10,11.5931,11.6184,11.4917,11.5762,4518223,-0.0174,-0.15
2017-11-13,11.5508,11.5762,11.3818,11.3903,14681190,-0.1864,-1.61
2017-11-14,11.3058,11.3903,11.179,11.2128,11350513,-0.1777,-1.56
2017-11-15,11.1537,11.2551,11.0692,11.1199,12002181,-0.0931,-0.83
2017-11-16,11.1621,11.3396,11.1621,11.2128,14822134,0.0934,0.84
2017-11-17,11.2382,11.5677,11.1959,11.5593,12897107,0.3465,3.09
2017-11-20,11.5593,11.9226,11.5424,11.9057,12408841,0.3468,3.0
2017-11-21,11.9141,12.0916,11.8972,11.931,13733867,0.025,0.21
2017-11-22,11.1537,11.3227,10.8326,11.0692,41931430,-0.8614,-7.22
2017-11-24,11.1621,11.3142,11.1114,11.2551,8555548,0.186,1.68
2017-11-27,11.1621,11.441,11.1114,11.3818,13862731,0.1272,1.13
2017-11-28,11.3818,11.7874,11.3311,11.7282,16054687,0.346,3.04
2017-11-29,11.7874,12.0831,11.6522,11.8043,12093974,0.0762,0.65
2017-11-30,11.8212,11.9733,11.762,11.7874,15101614,-0.0165,-0.14
2017-12-01,11.7451,12.2268,11.6184,12.2014,18544154,0.4137,3.51
2017-12-04,12.2014,12.269,11.9902,12.024,11095722,-0.1769,-1.45
2017-12-05,11.9226,11.9733,11.8296,11.8972,11892836,-0.1262,-1.05
2017-12-06,11.8465,12.024,11.8212,11.9648,7090904,0.0678,0.57
2017-12-07,11.9986,12.0578,11.9395,12.0155,6818688,0.0503,0.42
2017-12-08,12.024,12.1592,12.024,12.1169,8114592,0.1009,0.84
2017-12-11,12.0409,12.3282,12.024,12.3197,11132185,0.2024,1.67
2017-12-12,12.273,12.3749,12.1881,12.3155,12199834,-0.0037,-0.03
2017-12-13,12.2815,12.3579,12.1626,12.1626,8640769,-0.1527,-1.24
2017-12-14,12.1456,12.2136,12.0777,12.0947,7601009,-0.0681,-0.56
2017-12-15,12.1371,12.2985,12.1116,12.239,20257312,0.1439,1.19
2017-12-18,12.273,12.6807,12.256,12.6552,12653293,0.4161,3.4
2017-12-19,12.6382,12.6552,12.5193,12.5703,9792581,-0.0848,-0.67
2017-12-20,12.5618,12.5618,12.4301,12.4938,9259729,-0.0767,-0.61
2017-12-21,12.4938,12.6128,12.4556,12.5023,7888348,0.0087,0.07
2017-12-22,12.4938,12.5703,12.4684,12.5575,795482,0.055,0.44
2017-12-26,12.4769,12.5575,12.4599,12.5193,2882775,0.025,0.2
2017-12-27,12.5023,12.5278,12.4089,12.4599,3260489,-0.0588,-0.47
2017-12-28,12.4769,12.4854,12.3622,12.4089,3686661,-0.0511,-0.41
2017-12-29,12.4599,12.4599,12.1966,12.1966,7097200,-0.2122,-1.71
2018-01-02,12.256,12.4259,12.2136,12.4089,7155665,0.2122,1.74
2018-01-03,12.4004,12.5278,12.3495,12.4854,7907246,0.0769,0.62
2018-01-04,12.4854,12.7996,12.4471,12.7911,11333534,0.3059,2.45
2018-01-05,12.7911,12.9015,12.7062,12.7826,12539445,-0.009,-0.07
2018-01-08,12.6977,12.7147,12.4429,12.5873,13052064,-0.1956,-1.53
2018-01-09,12.6128,12.7232,12.5788,12.6128,14481208,0.0252,0.2
2018-01-10,12.5363,13.0035,12.5363,12.9015,10171279,0.2888,2.29
2018-01-11,12.91,13.1563,12.8845,13.1224,8124664,0.2206,1.71
2018-01-12,13.1224,13.4791,13.0969,13.4451,13828365,0.3228,2.46
2018-01-16,13.4366,13.5173,13.3474,13.4196,8224222,-0.0081,-0.06
2018-01-17,13.4706,13.6744,13.4366,13.6447,8010285,0.2162,1.61
2018-01-18,13.615,13.6744,13.5428,13.581,8677195,-0.0682,-0.5
2018-01-19,13.564,13.6659,13.5131,13.6659,7703543,0.1017,0.75
2018-01-22,13.632,13.6574,13.5046,13.6235,6674349,-0.0341,-0.25
2018-01-23,13.8273,14.201,13.7594,14.1679,12981293,0.5357,3.93
2018-01-24,14.1925,14.3454,14.0991,14.184,10516837,0.0255,0.18
2018-01-25,14.1925,14.3029,13.9802,14.0142,6382574,-0.153,-1.08
2018-01-26,14.0566,14.3029,14.0566,14.184,7765961,0.1862,1.33
2018-01-29,14.1501,14.494,14.1161,14.4049,9648968,0.2129,1.5
2018-01-30,14.3114,14.3588,13.9292,14.0651,9481838,-0.3488,-2.42
2018-01-31,14.0906,14.1755,13.8528,13.9377,9206791,-0.111,-0.79
2018-02-01,13.9292,14.3369,13.8613,14.2605,12034784,0.3315,2.38
2018-02-02,14.1501,14.3751,14.0346,14.1246,12310266,-0.1355,-0.95
2018-02-05,14.0396,14.1373,13.3007,13.3092,11034216,-0.833,-5.89
2018-02-06,12.9695,13.4324,12.7062,13.3602,14676793,0.0599,0.45
2018-02-07,13.3092,13.4069,13.0204,13.2158,13112576,-0.1443,-1.08
2018-02-08,13.1903,13.3177,12.7741,12.7784,10469878,-0.4374,-3.31
2018-02-09,12.91,13.0926,12.4471,13.0035,14807480,0.2299,1.8
2018-02-12,13.0969,13.4621,13.0459,13.3687,6875421,0.3742,2.88
2018-02-13,13.2752,13.2752,13.0035,13.1309,12798380,-0.2461,-1.84
2018-02-14,13.0884,13.7764,13.0374,13.7169,10898188,0.5781,4.4
2018-02-15,13.8273,13.9972,13.6235,13.8868,7538246,0.1701,1.24
2018-02-16,13.8443,14.0651,13.7679,13.9207,7242056,0.0333,0.24
2018-02-20,13.9887,14.1713,13.9377,14.0229,7334861,0.1016,0.73
2018-02-21,14.0991,14.1713,13.7764,13.8103,8503289,-0.2203,-1.57
2018-02-22,13.9547,14.1586,13.7848,13.9539,12393457,0.1518,1.1
2018-02-23,15.2967,15.4496,14.9145,15.3901,43092753,1.4523,10.42
2018-02-26,15.3222,15.9677,15.3222,15.7553,22742562,0.3482,2.26
2018-02-27,15.7129,16.2479,15.7129,15.9762,19303575,0.2206,1.4
2018-02-28,16.0951,16.197,15.7893,15.7893,13495523,-0.195,-1.22
2018-03-01,15.8827,15.9974,15.4071,15.6279,12729721,-0.161,-1.02
2018-03-02,15.4581,15.9677,15.4156,15.9422,12629153,0.3141,2.01
2018-03-05,15.9422,16.2225,15.9167,16.112,10286010,0.1611,1.01
2018-03-06,16.146,16.541,16.1375,16.4858,10525202,0.3659,2.27
2018-03-07,16.3414,16.4603,16.1206,16.2649,9641057,-0.2209,-1.34
2018-03-08,16.3074,16.3329,16.0059,16.0951,9828213,-0.1691,-1.04
2018-03-09,16.197,16.3159,16.1205,16.2904,10139111,0.1948,1.21
2018-03-12,16.2734,16.2862,16.1375,16.2097,8886008,-0.0635,-0.39
2018-03-13,16.278,16.3974,16.0819,16.1074,8244720,-0.0891,-0.55
2018-03-14,16.1842,16.1927,15.9753,16.0819,9041191,-0.0177,-0.11
2018-03-15,16.116,16.1842,16.0137,16.0478,11009512,-0.0257,-0.16
2018-03-16,16.0478,16.2098,15.9284,16.0137,10970997,-0.0434,-0.27
2018-03-19,15.9454,16.0563,15.7757,15.9454,7098765,-0.0769,-0.48
2018-03-20,16.0222,16.1416,15.873,16.0137,8613058,0.0686,0.43
2018-03-21,16.0137,16.1074,15.8346,15.9582,6838880,-0.056,-0.35
2018-03-22,15.8175,15.8985,15.6044,15.6214,9644959,-0.3318,-2.08
2018-03-23,15.664,15.7408,15.0331,15.0331,8862922,-0.589,-3.77
2018-03-26,15.2803,15.3741,14.9862,15.34,9840819,0.3067,2.04
2018-03-27,15.4253,15.4765,14.8881,14.9648,8249448,-0.3758,-2.45
2018-03-28,15.016,15.178,14.8412,15.0586,11629923,0.0853,0.57
2018-03-29,15.0927,15.1396,14.8838,14.9563,16009636,-0.1024,-0.68
2018-04-02,14.9051,14.9393,14.4447,14.5896,9039401,-0.3664,-2.45
2018-04-03,14.709,14.7943,14.4617,14.6024,11896261,0.0044,0.03
2018-04-04,14.3509,14.7602,14.2912,14.709,11289246,0.0935,0.64
2018-04-05,14.854,14.854,14.5982,14.6621,13105635,-0.0471,-0.32
2018-04-06,14.53,14.6834,14.1676,14.2486,10281956,-0.418,-2.85
2018-04-09,14.2656,14.6749,14.2656,14.3338,6952454,0.094,0.66
2018-04-10,14.5555,14.8369,14.5555,14.709,11902052,0.3755,2.62
2018-04-11,14.6664,14.7517,14.5733,14.6962,8568174,-0.0132,-0.09
2018-04-12,14.7943,14.9904,14.7772,14.8284,12597427,0.1279,0.87
2018-04-13,14.9307,14.9307,14.6493,14.8327,8037775,-0.0134,-0.09
2018-04-16,14.8796,15.0672,14.8028,14.9734,12775493,0.1365,0.92
2018-04-17,15.0757,15.2462,15.0245,15.1354,14957166,0.1617,1.08
2018-04-18,15.1524,15.161,15.0203,15.0736,7617077,-0.0621,-0.41
2018-04-19,15.0501,15.0501,14.8199,14.854,6937917,-0.2216,-1.47
2018-04-20,14.871,14.8796,14.6323,14.7431,6898456,-0.1024,-0.69
2018-04-23,14.8199,14.9563,14.7559,14.8412,5151255,0.0988,0.67
2018-04-24,14.9222,15.0757,14.709,14.7943,8577250,-0.0594,-0.4
2018-04-25,14.7517,14.8497,14.5129,14.7474,7841795,-0.0548,-0.37
2018-04-26,14.8284,14.935,14.7048,14.8455,9896486,0.0856,0.58
2018-04-27,15.0416,15.0416,14.7005,14.79,6821635,-0.0386,-0.26
2018-04-30,14.7858,14.8881,14.547,14.547,10149845,-0.2471,-1.67
2018-05-01,14.4873,14.6664,14.4532,14.6408,9089023,0.1018,0.7
2018-05-02,14.6152,14.7176,14.5555,14.5982,5370895,-0.0513,-0.35
2018-05-03,14.4873,14.5641,14.2827,14.4106,6531762,-0.1883,-1.29
2018-05-04,14.3679,14.7133,14.3083,14.6749,5586742,0.2637,1.83
2018-05-07,14.7005,14.8796,14.6579,14.7431,7230752,0.0675,0.46
2018-05-08,14.709,14.8625,14.6707,14.8369,9809542,0.0856,0.58
2018-05-09,14.8369,15.0672,14.7858,15.0075,12753878,0.1794,1.21
2018-05-10,15.0672,15.0927,14.9222,15.0501,10698638,0.042,0.28
2018-05-11,15.0586,15.161,15.016,15.0672,10754529,0.0166,0.11
2018-05-14,15.1354,15.1951,14.9989,14.9989,8144767,-0.0678,-0.45
2018-05-15,14.9051,14.9478,14.7389,14.8369,7930742,-0.162,-1.08
2018-05-16,14.8455,15.0757,14.8113,15.0331,13955458,0.1959,1.32
2018-05-17,15.0757,15.1439,14.8668,15.0672,9425485,0.0346,0.23
2018-05-18,15.0586,15.0672,14.9051,14.9734,5931356,-0.0934,-0.62
2018-05-21,15.0586,15.1268,14.9051,14.9307,5916039,-0.0419,-0.28
2018-05-22,14.9648,15.0757,14.8455,14.8455,13421803,-0.0851,-0.57
2018-05-23,14.3679,14.4532,13.1742,13.285,55075577,-1.5602,-10.51
2018-05-24,13.2594,13.4811,12.9269,13.4385,28555461,0.1541,1.16
2018-05-25,13.43,13.4897,13.1656,13.2339,13526530,-0.2043,-1.52
2018-05-29,13.1571,13.205,13.0122,13.1145,9578811,-0.1191,-0.9
2018-05-30,13.1912,13.3575,13.0633,13.2765,11781580,0.1626,1.24
2018-05-31,13.2424,13.2935,12.8928,12.9951,13552308,-0.2815,-2.12
2018-06-01,13.0718,13.2424,13.0633,13.2424,9622179,0.2469,1.9
2018-06-04,13.2168,13.4215,13.106,13.2509,12016466,0.0079,0.06
2018-06-05,13.2168,13.754,13.1742,13.6943,16807067,0.4439,3.35
2018-06-06,13.737,13.737,13.4087,13.6602,9816085,-0.0342,-0.25
2018-06-07,13.6261,13.6943,13.4897,13.5749,7464040,-0.0847,-0.62
2018-06-08,13.4897,13.6602,13.4614,13.6517,7620437,0.0774,0.57
2018-06-11,13.609,13.7966,13.609,13.6602,10022654,0.0082,0.06
2018-06-12,13.6709,13.7396,13.5507,13.5593,7744025,-0.1011,-0.74
2018-06-13,13.5335,13.6452,13.482,13.5593,8090873,0.0,0.0
2018-06-14,13.628,13.8427,13.525,13.5851,11663162,0.0258,0.19
2018-06-15,13.5679,13.6967,13.4133,13.6967,23552509,0.1114,0.82
2018-06-18,13.5679,13.7912,13.4691,13.6624,11210717,-0.0342,-0.25
2018-06-19,13.482,13.6795,13.4563,13.6538,7747724,-0.0082,-0.06
2018-06-20,13.6967,13.7311,12.9925,13.0097,14414818,-0.6445,-4.72
2018-06-21,13.0527,13.3017,13.0011,13.2416,11408156,0.2316,1.78
2018-06-22,13.3017,13.3275,13.0741,13.087,8900954,-0.1549,-1.17
2018-06-25,13.0269,13.0784,12.8294,12.941,11654443,-0.1466,-1.12
2018-06-26,12.9754,13.3532,12.9324,13.0269,7846215,0.0854,0.66
2018-06-27,13.0698,13.0956,12.6405,12.6405,13803424,-0.3869,-2.97
2018-06-28,12.6319,12.6834,12.4301,12.6319,14313275,-0.0088,-0.07
2018-06-29,12.6834,12.7521,12.546,12.546,10878965,-0.0859,-0.68
2018-07-02,12.4515,12.7435,12.4172,12.7092,6936772,0.1631,1.3
2018-07-03,12.7006,12.8122,12.6662,12.6834,4669321,-0.0254,-0.2
2018-07-05,12.7092,12.7435,12.5117,12.7263,8055121,0.0431,0.34
2018-07-06,12.7779,12.9238,12.6491,12.8637,5475271,0.1374,1.08
2018-07-09,12.9153,13.1514,12.8723,13.0784,6043894,0.2148,1.67
2018-07-10,13.087,13.3403,13.0527,13.3103,11728741,0.2315,1.77
2018-07-11,13.1471,13.1815,12.9496,12.9668,7420744,-0.3434,-2.58
2018-07-12,13.0097,13.2845,12.984,13.2158,4699759,0.249,1.92
2018-07-13,13.1729,13.336,13.1385,13.3017,7779719,0.0859,0.65
2018-07-16,13.2673,13.4391,13.1686,13.4305,10556467,0.129,0.97
2018-07-17,13.3876,13.5679,13.3618,13.4477,8715144,0.0175,0.13
2018-07-18,13.4734,13.6967,13.4391,13.6795,6855799,0.2313,1.72
2018-07-19,13.6795,13.8727,13.4047,13.4305,11211868,-0.249,-1.82
2018-07-20,13.3876,13.409,13.2287,13.2845,6496578,-0.1464,-1.09
2018-07-23,13.233,13.3532,13.1128,13.2845,8737971,0.0,0.0
2018-07-24,13.4047,13.452,13.0956,13.1385,7255504,-0.1461,-1.1
2018-07-25,13.087,13.3017,13.0784,13.2931,6029225,0.155,1.18
2018-07-26,13.3017,13.5421,13.2931,13.4734,4970568,0.1808,1.36
2018-07-27,13.5335,13.6452,13.336,13.3876,5753435,-0.0862,-0.64
2018-07-30,13.379,13.4305,13.1557,13.2673,4940037,-0.1205,-0.9
2018-07-31,13.2673,13.3532,13.1986,13.2588,6644722,-0.008,-0.06
2018-08-01,13.2416,13.4047,13.1986,13.2673,5640157,0.008,0.06
2018-08-02,13.1815,13.3704,13.1557,13.3532,7753072,0.0862,0.65
2018-08-03,13.4047,13.7396,13.3876,13.7225,7397198,0.3699,2.77
2018-08-06,13.6795,13.7783,13.6108,13.7482,5224049,0.0261,0.19
2018-08-07,13.7826,13.9371,13.7568,13.8513,4396525,0.1031,0.75
2018-08-08,13.8599,13.9887,13.7998,13.877,4663973,0.0263,0.19
2018-08-09,13.8599,13.9329,13.7912,13.8341,3503908,-0.043,-0.31
2018-08-10,13.7225,13.8126,13.5507,13.6108,5037146,-0.2227,-1.61
2018-08-13,13.6108,13.7139,13.4477,13.4477,5039564,-0.1633,-1.2
2018-08-14,13.482,13.7568,13.482,13.7311,5182786,0.2837,2.11
2018-08-15,13.6194,13.8169,13.5593,13.7654,10275928,0.0343,0.25
2018-08-16,13.8427,14.0745,13.7611,13.9715,10491008,0.2065,1.5
2018-08-17,13.9543,14.4223,13.9178,14.315,12400065,0.3437,2.46
2018-08-20,14.3751,14.564,14.2463,14.3579,9402443,0.0429,0.3
2018-08-21,14.1432,14.1432,13.5164,13.5507,16634003,-0.8069,-5.62
2018-08-22,13.5335,13.6709,13.4992,13.5851,8331011,0.0339,0.25
2018-08-23,13.5765,14.1347,13.5636,13.8255,15522386,0.2405,1.77
2018-08-24,13.877,14.0058,13.7225,13.9114,9560979,0.0857,0.62
2018-08-27,14.0574,14.2892,13.9629,14.1261,13743938,0.2142,1.54
2018-08-28,14.1948,14.4266,14.1776,14.3751,10950190,0.2486,1.76
2018-08-29,14.6241,15.105,14.2978,14.3493,25335079,-0.0259,-0.18
2018-08-30,14.3751,14.6671,14.3579,14.418,16188115,0.0689,0.48
2018-08-31,14.4009,14.4009,14.0831,14.1948,10675722,-0.2235,-1.55
2018-09-04,14.1003,14.3536,13.8856,14.315,10016429,0.1207,0.85
2018-09-05,14.3322,14.3407,13.9457,14.2463,13574042,-0.0687,-0.48
2018-09-06,14.2205,14.2721,14.1003,14.1862,8440744,-0.0598,-0.42
2018-09-07,14.1604,14.4266,14.0745,14.1948,10229145,0.0085,0.06
2018-09-10,14.2034,14.2119,13.9629,14.0917,12516404,-0.1036,-0.73
2018-09-11,14.0766,14.2495,13.9728,14.2236,7953703,0.1325,0.94
2018-09-12,14.1717,14.2409,14.0506,14.1803,5614502,-0.0427,-0.3
2018-09-13,14.2668,14.4657,14.2106,14.3014,11155775,0.1205,0.85
2018-09-14,14.31,14.4052,14.2452,14.336,7117225,0.0343,0.24
2018-09-17,14.336,14.4224,14.0334,14.0766,8686585,-0.2595,-1.81
2018-09-18,14.1025,14.4224,14.0636,14.31,6680150,0.2337,1.66
2018-09-19,14.3273,14.4397,14.31,14.3879,6871530,0.0773,0.54
2018-09-20,14.4397,14.6818,14.4224,14.5867,8726258,0.1986,1.38
2018-09-21,14.6559,14.9326,14.63,14.7164,26709609,0.1298,0.89
2018-09-24,14.6991,14.7208,14.5781,14.63,7291290,-0.0868,-0.59
2018-09-25,14.5867,14.6689,14.2928,14.31,17845188,-0.3204,-2.19
2018-09-26,14.3446,14.457,14.2625,14.2755,8897925,-0.0343,-0.24
2018-09-27,14.3792,14.3792,14.0506,14.0766,12514178,-0.1984,-1.39
2018-09-28,14.0506,14.2063,13.9815,14.1025,12488021,0.0253,0.18
2018-10-01,14.1544,14.2841,13.9469,13.9901,9808649,-0.1128,-0.8
2018-10-02,13.9555,14.3792,13.9555,14.2928,9636512,0.3022,2.16
2018-10-03,14.3014,14.6213,14.2322,14.483,10580091,0.1901,1.33
2018-10-04,14.5176,14.6991,14.5089,14.5694,10262764,0.0869,0.6
2018-10-05,14.5349,14.7164,13.8691,13.9555,12794701,-0.6133,-4.21
2018-10-08,13.895,13.9642,13.7134,13.7394,8991801,-0.2163,-1.55
2018-10-09,13.7221,13.7653,13.48,13.5664,12074043,-0.1731,-1.26
2018-10-10,13.5319,13.6356,13.0476,13.0649,10860910,-0.502,-3.7
2018-10-11,13.0217,13.1082,12.5807,12.6499,9075928,-0.4155,-3.18
2018-10-12,12.9007,13.3676,12.8747,13.333,16598883,0.6831,5.4
2018-10-15,13.333,13.4108,13.1773,13.2638,9344747,-0.0693,-0.52
2018-10-16,13.3589,13.4367,13.2033,13.4108,6109287,0.1472,1.11
2018-10-17,13.48,13.5319,13.2379,13.4194,6231693,0.008,0.06
2018-10-18,13.3157,13.4281,13.0563,13.2552,8275157,-0.1637,-1.22
2018-10-19,13.2725,13.5146,13.2638,13.3503,7652659,0.0954,0.72
2018-10-22,13.4367,13.7394,13.4194,13.6961,7881611,0.3458,2.59
2018-10-23,13.4281,13.6183,13.2379,13.5319,9081348,-0.1644,-1.2
2018-10-24,13.5146,13.6572,13.0217,13.0476,8119527,-0.4844,-3.58
2018-10-25,13.1428,13.2681,13.039,13.0995,8175749,0.0522,0.4
2018-10-26,12.9439,12.9525,12.5167,12.6499,10469596,-0.4493,-3.43
2018-10-29,12.7969,13.0131,12.4164,12.598,8024445,-0.0519,-0.41
2018-10-30,12.598,12.9179,12.5461,12.9093,8297060,0.3112,2.47
2018-10-31,13.0909,13.4194,13.0909,13.186,9547415,0.2763,2.14
2018-11-01,13.1773,13.6616,13.1773,13.6616,6066828,0.476,3.61
2018-11-02,13.6875,13.9166,13.605,13.7394,15140663,0.0779,0.57
2018-11-05,13.7394,13.8431,13.5578,13.774,6268145,0.0343,0.25
2018-11-06,13.774,13.895,13.6875,13.7307,13047271,-0.0427,-0.31
2018-11-07,13.8604,14.0506,13.6961,14.042,18460163,0.3117,2.27
2018-11-08,13.9988,14.283,13.9642,14.0506,7195475,0.0084,0.06
2018-11-09,13.9469,14.0031,13.4584,13.5924,10721490,-0.458,-3.26
2018-11-12,13.4713,13.4929,13.1341,13.2119,9571270,-0.3806,-2.8
2018-11-13,13.2379,13.4973,13.1813,13.2638,9517002,0.0515,0.39
2018-11-14,13.3849,13.5535,13.0649,13.0995,16235387,-0.1645,-1.24
2018-11-15,13.0304,13.3849,12.8747,13.2465,15279988,0.1467,1.12
2018-11-16,13.2119,13.2725,13.0563,13.1428,11150637,-0.1033,-0.78
2018-11-19,13.0563,13.1557,12.7104,12.8228,12707703,-0.3194,-2.43
2018-11-20,12.624,12.7969,12.4554,12.5634,11300698,-0.259,-2.02
2018-11-21,12.6586,12.9093,12.6499,12.7104,8652318,0.147,1.17
2018-11-23,12.5894,12.7234,12.5289,12.5721,2909396,-0.1385,-1.09
2018-11-26,12.7277,12.9569,12.7018,12.892,9953860,0.3193,2.54
2018-11-27,12.7883,13.0217,12.7623,13.0217,7771920,0.1302,1.01
2018-11-28,13.1255,13.3676,12.8834,13.3676,13439221,0.3464,2.66
2018-11-29,13.3157,13.333,13.0563,13.0736,10922008,-0.2941,-2.2
2018-11-30,13.0476,13.0909,12.771,12.9698,20963157,-0.1033,-0.79
2018-12-03,13.1946,13.4281,13.1601,13.4022,14845103,0.4319,3.33
2018-12-04,13.333,13.4367,12.9525,13.0131,18349541,-0.3887,-2.9
2018-12-06,12.8055,14.0593,12.5894,13.8518,29136697,0.8393,6.45
2018-12-07,13.8085,13.8085,12.6758,12.7191,18469946,-1.1331,-8.18
2018-12-10,12.6413,12.8358,12.2695,12.598,14047623,-0.1208,-0.95
2018-12-11,12.7048,12.9226,12.5305,12.8442,16343589,0.2457,1.95
2018-12-12,13.0359,13.062,12.7483,12.7571,14122854,-0.0873,-0.68
2018-12-13,12.7658,13.0098,12.5828,12.6263,12862136,-0.1301,-1.02
2018-12-14,12.5044,12.6002,12.3736,12.3911,11166186,-0.2348,-1.86
2018-12-17,12.3475,12.4346,11.8072,11.8421,17072752,-0.5489,-4.43
2018-12-18,11.9467,12.1384,11.7985,11.877,12805013,0.0343,0.29
2018-12-19,11.8421,12.0599,11.389,11.4761,14299881,-0.4002,-3.37
2018-12-20,11.3977,11.4674,10.9751,11.023,18528340,-0.4533,-3.95
2018-12-21,11.0317,11.328,10.8792,10.9881,25427629,-0.0353,-0.32
2018-12-24,10.8574,10.9751,10.6527,10.6919,5400214,-0.2967,-2.7
2018-12-26,10.7529,11.206,10.5322,11.1624,10304574,0.4704,4.4
2018-12-27,11.0579,11.4326,10.9271,11.4151,8150284,0.2523,2.26
2018-12-28,11.511,11.6025,11.3018,11.3541,8726986,-0.0605,-0.53
2018-12-31,11.4761,11.5502,11.3541,11.511,6453785,0.1567,1.38
2019-01-02,11.2844,11.8857,11.2844,11.7288,10865536,0.2176,1.89
2019-01-03,11.572,11.6504,11.267,11.4848,11921669,-0.244,-2.08
2019-01-04,11.7724,12.1297,11.7201,12.0251,11277089,0.5398,4.7
2019-01-07,12.0425,12.3475,11.9815,12.2604,8027463,0.2357,1.96
2019-01-08,12.3649,12.4695,11.9249,12.0251,12732472,-0.2354,-1.92
2019-01-09,12.0948,12.3693,12.0948,12.2517,7668107,0.2261,1.88
2019-01-10,12.1907,12.3214,12.0948,12.3126,8556153,0.0613,0.5
2019-01-11,12.2342,12.4259,12.1035,12.4085,6507207,0.096,0.78
2019-01-14,12.2952,12.4666,12.2081,12.3388,8960258,-0.0695,-0.56
2019-01-15,12.3824,12.6263,12.3475,12.5828,6786449,0.2443,1.98
2019-01-16,11.999,12.5218,11.9641,12.4782,12256760,-0.1044,-0.83
2019-01-17,12.4259,12.5479,12.2865,12.4346,6239980,-0.0437,-0.35
2019-01-18,12.5305,12.8529,12.5305,12.7919,8935855,0.3569,2.87
2019-01-22,12.7745,12.7745,12.5044,12.5915,9537611,-0.2008,-1.57
2019-01-23,12.6525,12.8006,12.4782,12.5828,6831401,-0.0088,-0.07
2019-01-24,12.6176,12.9662,12.5828,12.8616,7087941,0.2793,2.22
2019-01-25,13.0185,13.4019,12.988,13.3757,17843446,0.5145,4.0
2019-01-28,13.1666,13.6546,13.1317,13.6459,29335781,0.2702,2.02
2019-01-29,13.7243,13.8201,13.3888,13.3932,20884296,-0.2524,-1.85
2019-01-30,13.489,13.6546,13.3104,13.5239,7852407,0.1312,0.98
2019-01-31,13.4803,13.6372,13.3757,13.5849,11945802,0.0609,0.45
2019-02-01,13.672,13.7766,13.5631,13.672,9152135,0.0869,0.64
2019-02-04,13.7069,13.8114,13.5762,13.7591,9193826,0.0875,0.64
2019-02-05,13.7591,14.0284,13.7504,13.8463,6625746,0.0867,0.63
2019-02-06,13.8899,14.1077,13.855,14.0206,7159007,0.1745,1.26
2019-02-07,13.8637,14.0249,13.7243,13.8114,6135546,-0.2089,-1.49
2019-02-08,13.6459,13.8768,13.611,13.8724,7984709,0.0608,0.44
2019-02-11,13.8637,13.9813,13.794,13.8027,7940047,-0.0694,-0.5
2019-02-12,13.9508,14.0728,13.916,13.9421,13904488,0.1394,1.01
2019-02-13,14.0293,14.1513,13.9683,13.9857,11945640,0.0432,0.31
2019-02-14,13.8637,14.0554,13.8201,13.9334,7968638,-0.0517,-0.37
2019-02-15,14.038,14.1513,13.9334,14.0206,11932675,0.0878,0.63
2019-02-19,13.9683,14.0554,13.9247,14.0206,8588891,0.0,0.0
2019-02-20,14.0293,14.1338,13.9683,13.9857,9809083,-0.0351,-0.25
2019-02-21,14.038,14.282,13.9683,14.1426,15909668,0.1566,1.12
2019-02-22,14.3778,14.3778,13.9508,14.221,22478462,0.0778,0.55
2019-02-25,14.2471,14.7438,14.2428,14.6044,13110220,0.384,2.7
2019-02-26,14.5782,14.7874,14.5608,14.6392,10049486,0.035,0.24
2019-02-27,14.5957,14.6523,14.5477,14.5521,8381341,-0.0878,-0.6
2019-02-28,14.465,14.5085,14.2384,14.2733,13489380,-0.2794,-1.92
2019-03-01,14.4127,14.4127,14.1643,14.2733,21879849,0.0,0.0
2019-03-04,14.3343,14.3953,13.8899,14.0816,14646293,-0.1913,-1.34
2019-03-05,14.0206,14.1513,13.8724,14.0641,15853174,-0.0169,-0.12
2019-03-06,14.038,14.0641,13.8899,13.9073,6343393,-0.1575,-1.12
2019-03-07,13.8201,13.8899,13.5936,13.6546,14207932,-0.2531,-1.82
2019-03-08,13.5239,13.6502,13.4324,13.6023,7802272,-0.0519,-0.38
2019-03-11,13.6284,13.8811,13.6241,13.8463,11689042,0.2435,1.79
2019-03-12,13.4711,13.594,13.278,13.436,17676653,-0.4098,-2.96
2019-03-13,13.4974,13.6817,13.4448,13.6203,11306026,0.1841,1.37
2019-03-14,13.6817,13.7914,13.594,13.7432,10097390,0.1226,0.9
2019-03-15,13.7432,14.1337,13.7432,14.103,20228543,0.3601,2.62
2019-03-18,14.0415,14.1381,13.8134,13.9011,11519435,-0.2017,-1.43
2019-03-19,13.9538,14.0767,13.8932,13.9362,15502577,0.0348,0.25
2019-03-20,13.9275,14.0767,13.8397,13.9275,10351713,-0.0084,-0.06
2019-03-21,13.945,14.1469,13.945,14.0591,17721267,0.1323,0.95
2019-03-22,13.866,13.9889,13.4009,13.4185,12345237,-0.6411,-4.56
2019-03-25,13.4272,13.4974,13.2078,13.2956,12410764,-0.1235,-0.92
2019-03-26,13.3307,13.5633,13.3219,13.436,9274588,0.1409,1.06
2019-03-27,13.4799,13.5457,13.3131,13.3921,7721980,-0.0443,-0.33
2019-03-28,13.4711,13.6335,13.3658,13.3921,9649361,0.0,0.0
2019-03-29,13.5325,13.5676,13.4492,13.5413,9937311,0.1487,1.11
2019-04-01,13.6466,13.9626,13.6379,13.9538,10995749,0.413,3.05
2019-04-02,13.9801,14.0503,13.8792,13.8836,6484600,-0.0698,-0.5
2019-04-03,14.0591,14.1118,13.8134,13.9099,12210816,0.0264,0.19
2019-04-04,13.9538,14.1381,13.9099,14.103,9514047,0.1933,1.39
2019-04-05,14.0503,14.1907,14.0415,14.1732,6083878,0.0705,0.5
2019-04-08,14.1644,14.2697,14.096,14.2083,6414083,0.0354,0.25
2019-04-09,14.1469,14.1644,13.9538,13.9977,5018951,-0.2103,-1.48
2019-04-10,14.0152,14.2785,13.9889,14.2785,5654551,0.2813,2.01
2019-04-11,14.1995,14.3268,14.1293,14.2785,6985345,0.0,0.0
2019-04-12,14.3838,14.4628,14.2961,14.3926,5240094,0.1142,0.8
2019-04-15,14.3575,14.4803,14.3575,14.4716,5233334,0.0792,0.55
2019-04-16,14.4803,14.6515,14.4628,14.5681,14190915,0.097,0.67
2019-04-17,14.5944,14.6471,14.4189,14.5418,9137088,-0.0262,-0.18
2019-04-18,14.5593,14.6646,14.4935,14.6208,9627193,0.0785,0.54
2019-04-22,14.6208,14.6383,14.5506,14.5593,5423736,-0.0614,-0.42
2019-04-23,14.5769,14.6471,14.4803,14.5067,10311812,-0.0524,-0.36
2019-04-24,14.4891,14.5769,14.2697,14.2785,9147127,-0.2277,-1.57
2019-04-25,14.2697,14.3136,13.9845,14.0503,9782273,-0.2285,-1.6
2019-04-26,13.9275,13.9889,13.6861,13.8397,11613379,-0.2108,-1.5
2019-04-29,13.8046,14.0108,13.7519,13.787,7794947,-0.0526,-0.38
2019-04-30,13.7607,13.8748,13.6291,13.8748,10384858,0.0882,0.64
2019-05-01,13.9977,14.103,13.8485,13.8573,6609889,-0.018,-0.13
2019-05-02,13.8748,14.0152,13.7256,13.8134,5105366,-0.0443,-0.32
2019-05-03,13.8485,14.0064,13.8397,13.9801,5139268,0.1671,1.21
2019-05-06,13.6817,13.8046,13.5589,13.7432,5543643,-0.2363,-1.69
2019-05-07,13.5764,13.7081,13.4536,13.5413,7565544,-0.202,-1.47
2019-05-08,13.5325,13.6379,13.4536,13.4711,5554895,-0.0704,-0.52
2019-05-09,13.3131,13.3658,13.0455,13.357,7525334,-0.1145,-0.85
2019-05-10,13.2342,13.3263,12.9621,12.9797,14643535,-0.378,-2.83
2019-05-13,12.6813,12.7515,12.3653,12.4268,12346285,-0.5529,-4.26
2019-05-14,12.4531,12.633,12.4531,12.497,9175689,0.0696,0.56
2019-05-15,12.339,12.6769,12.3302,12.6549,15286008,0.1575,1.26
2019-05-16,12.6725,12.8831,12.6637,12.7515,14153447,0.0962,0.76
2019-05-17,12.8305,13.0937,12.6988,12.8305,16330323,0.0791,0.62
2019-05-20,12.6374,13.0499,12.6111,12.9446,11407905,0.1142,0.89
2019-05-21,13.0586,13.436,13.0411,13.3834,11137705,0.4388,3.39
2019-05-22,13.3131,13.3482,12.8743,12.9094,8819763,-0.4738,-3.54
2019-05-23,12.7427,12.7603,12.5233,12.5672,12423655,-0.3421,-2.65
2019-05-24,12.5321,13.3131,12.5321,12.6286,24819167,0.0616,0.49
2019-05-28,12.6725,12.8392,12.4136,12.4355,16535203,-0.1932,-1.53
2019-05-29,12.339,12.5365,12.2776,12.4004,8329219,-0.0348,-0.28
2019-05-30,12.5058,12.6023,12.4048,12.4794,9041274,0.0794,0.64
2019-05-31,12.2425,12.2688,11.9265,12.0406,13986988,-0.4393,-3.52
2019-06-03,12.0582,12.1767,11.8914,12.0143,11097971,-0.0265,-0.22
2019-06-04,12.1547,12.4399,12.1284,12.4004,8911035,0.3857,3.21
2019-06-05,12.576,12.6023,12.2161,12.3653,8914073,-0.0347,-0.28
2019-06-06,12.2776,12.3346,12.0143,12.2776,10444265,-0.0878,-0.71
2019-06-07,12.2688,12.4268,12.1898,12.3653,8912023,0.0872,0.71
2019-06-10,12.4443,12.6286,12.4443,12.5145,8844764,0.1496,1.21
2019-06-11,12.6229,12.7454,12.4814,12.614,7146257,0.1001,0.8
2019-06-12,12.6052,12.6583,12.4814,12.5079,5917627,-0.106,-0.84
2019-06-13,12.5698,12.7025,12.5344,12.6937,7195312,0.1864,1.49
2019-06-14,12.6052,12.6052,12.4283,12.5167,5930319,-0.1764,-1.39
2019-06-17,12.5433,12.7644,12.4814,12.6494,9903362,0.1327,1.06
2019-06-18,12.7467,13.0386,12.7158,12.906,8172215,0.2568,2.03
2019-06-19,12.9767,13.1271,12.9236,13.0121,9637354,0.1058,0.82
2019-06-20,13.2509,13.304,13.0386,13.2686,10038162,0.2563,1.97
2019-06-21,13.2952,13.3217,13.1271,13.2156,15542128,-0.0531,-0.4
2019-06-24,13.2863,13.3659,13.2244,13.2775,6810464,0.0621,0.47
2019-06-25,13.2332,13.2819,13.0475,13.0563,8223273,-0.2217,-1.67
2019-06-26,13.1536,13.3748,13.1448,13.2332,8407592,0.1776,1.36
2019-06-27,13.2598,13.4632,13.2156,13.2421,6214473,0.0093,0.07
2019-06-28,13.2952,13.419,13.2156,13.2244,20533145,-0.0172,-0.13
2019-07-01,13.4809,13.6977,13.304,13.3925,10223822,0.168,1.27
2019-07-02,13.3836,13.4632,13.2377,13.3394,7444674,-0.0536,-0.4
2019-07-03,13.3306,13.5473,13.3084,13.5252,6049042,0.1854,1.39
2019-07-05,13.4102,13.5252,13.2907,13.419,6018521,-0.1055,-0.78
2019-07-08,13.3394,13.3394,13.1404,13.2952,7342842,-0.1235,-0.92
2019-07-09,13.1979,13.2156,12.9635,13.1536,7482577,-0.1409,-1.06
2019-07-10,13.2775,13.3836,13.0563,13.0652,7082121,-0.0881,-0.67
2019-07-11,13.0829,13.1581,12.8087,12.9148,12929496,-0.1502,-1.15
2019-07-12,12.9502,13.2465,12.9502,13.189,8061869,0.2738,2.12
2019-07-15,13.1713,13.3129,13.1536,13.2332,4655868,0.0448,0.34
2019-07-16,13.2509,13.2952,13.0784,13.1006,6996520,-0.1323,-1.0
2019-07-17,13.0917,13.1359,12.9767,12.9944,7100806,-0.1061,-0.81
2019-07-18,12.9236,13.1094,12.9148,13.0475,8277387,0.0533,0.41
2019-07-19,13.0829,13.2332,13.074,13.1271,5765012,0.0796,0.61
2019-07-22,13.0917,13.1536,12.614,12.6494,11954753,-0.4778,-3.64
2019-07-23,12.7379,12.9635,12.7113,12.9236,8771276,0.2745,2.17
2019-07-24,12.9502,13.1315,12.906,13.0386,8067927,0.115,0.89
2019-07-25,13.021,13.021,12.7688,12.8352,8822665,-0.2034,-1.56
2019-07-26,12.8617,13.0298,12.791,12.9413,6893114,0.1065,0.83
2019-07-29,12.906,13.0431,12.8794,12.9679,6046488,0.0272,0.21
2019-07-30,12.8794,13.0563,12.8352,12.9236,5362869,-0.0441,-0.34
2019-07-31,12.9413,12.9723,12.5875,12.7113,8325299,-0.2119,-1.64
2019-08-01,12.676,13.0112,12.4769,12.5079,7904119,-0.2034,-1.6
2019-08-02,12.1541,12.2425,11.5172,11.7383,21673423,-0.7692,-6.15
2019-08-05,11.5172,11.5968,11.1549,11.411,15207925,-0.3275,-2.79
2019-08-06,11.6499,11.6764,11.4287,11.5614,9594555,0.1506,1.32
2019-08-07,11.3933,11.6233,11.296,11.5526,8026108,-0.0092,-0.08
2019-08-08,11.6233,12.0125,11.5968,11.986,10874382,0.4332,3.75
2019-08-09,11.9064,11.986,11.756,11.8445,11271772,-0.1414,-1.18
2019-08-12,11.7118,11.756,11.4995,11.5702,6158570,-0.2748,-2.32
2019-08-13,11.5791,12.101,11.526,11.8533,12048156,0.2835,2.45
2019-08-14,11.5968,11.641,11.3579,11.3756,11300938,-0.4777,-4.03
2019-08-15,11.3933,11.4729,11.0749,11.2164,11024728,-0.1593,-1.4
2019-08-16,11.3226,11.3978,11.2606,11.3226,10818698,0.1066,0.95
2019-08-19,11.4906,11.6942,11.4906,11.5968,7196167,0.274,2.42
2019-08-20,11.4464,11.5526,11.3845,11.4464,5084449,-0.1508,-1.3
2019-08-21,11.6145,11.7074,11.4464,11.5614,7453205,0.1145,1.0
2019-08-22,11.641,11.7825,11.526,11.7206,7900705,0.1595,1.38
2019-08-23,11.526,11.7472,11.2253,11.2783,12131010,-0.4418,-3.77
2019-08-26,11.4287,11.5526,11.3137,11.4464,8712205,0.168,1.49
2019-08-27,11.5437,11.6499,11.3845,11.4376,14242165,-0.0092,-0.08
2019-08-28,11.9418,12.2328,11.5791,11.8268,15022524,0.3889,3.4
2019-08-29,12.1098,12.2248,12.0568,12.101,11196118,0.2744,2.32
2019-08-30,12.2514,12.3133,12.101,12.2248,8841143,0.1234,1.02
2019-09-03,12.0921,12.1629,11.8312,11.9329,7907523,-0.2922,-2.39
2019-09-04,12.0391,12.1894,11.9683,12.1629,6933976,0.2303,1.93
2019-09-05,12.3398,12.8263,12.3044,12.7379,9382129,0.5753,4.73
2019-09-06,12.7998,12.9236,12.729,12.8883,8599507,0.1503,1.18
2019-09-09,12.9679,13.304,12.9413,13.2244,12951196,0.3364,2.61
2019-09-10,13.2445,13.5208,13.2445,13.4495,10404695,0.2248,1.7
2019-09-11,13.5029,13.7257,13.2979,13.699,7938936,0.2501,1.86
2019-09-12,13.6723,13.7748,13.4584,13.6901,8500818,-0.0096,-0.07
2019-09-13,13.6812,13.7257,13.5564,13.6544,9229038,-0.0356,-0.26
2019-09-16,13.5386,13.699,13.4495,13.4762,11458545,-0.1789,-1.31
2019-09-17,13.3781,13.3781,13.1464,13.3603,7258326,-0.1159,-0.86
2019-09-18,13.2534,13.3603,13.0305,13.1375,12727641,-0.2231,-1.67
2019-09-19,13.1821,13.3425,13.0929,13.2355,14546066,0.0985,0.75
2019-09-20,13.2534,13.3068,12.7899,12.8612,19608064,-0.3746,-2.83
2019-09-23,12.7453,12.9102,12.6651,12.8345,12096655,-0.027,-0.21
2019-09-24,12.8612,12.986,12.6027,12.7008,16094216,-0.1335,-1.04
2019-09-25,12.7008,13.0751,12.6473,13.0038,8094058,0.3035,2.39
2019-09-26,12.9503,13.1019,12.7899,13.0395,6991700,0.0351,0.27
2019-09-27,13.1375,13.4584,13.0929,13.3692,10224704,0.3299,2.53
2019-09-30,13.3692,13.6544,13.3603,13.5208,11161450,0.1511,1.13
2019-10-01,13.6455,13.7213,13.0484,13.0573,7919613,-0.4638,-3.43
2019-10-02,12.9503,12.9726,12.7543,12.8701,7444375,-0.1867,-1.43
2019-10-03,12.8256,12.9236,12.5225,12.9236,5808284,0.0541,0.42
2019-10-04,12.9325,12.9325,12.6963,12.8345,9750176,-0.0892,-0.69
2019-10-07,12.8345,13.0707,12.7721,12.7899,8264691,-0.0449,-0.35
2019-10-08,12.6473,12.6696,12.3175,12.3443,12042964,-0.4451,-3.48
2019-10-09,12.4512,12.6785,12.4334,12.5403,6327154,0.1963,1.59
2019-10-10,12.4869,12.7008,12.4601,12.576,4461529,0.0351,0.28
2019-10-11,12.7988,12.9548,12.7275,12.7899,6507207,0.2138,1.7
2019-10-14,13.0305,13.3247,13.0038,13.3247,8744634,0.5346,4.18
2019-10-15,13.3158,13.6099,13.0929,13.494,7610427,0.1692,1.27
2019-10-16,13.5208,13.5609,13.4049,13.4495,5206281,-0.0445,-0.33
2019-10-17,13.4405,13.6277,13.3915,13.5564,4793515,0.1076,0.8
2019-10-18,13.5742,13.7168,13.5475,13.6812,9987097,0.1247,0.92
2019-10-21,14.1268,14.6259,14.0733,14.2338,19509077,0.5527,4.04
2019-10-22,14.2783,14.3407,14.1447,14.216,10874551,-0.0185,-0.13
2019-10-23,14.1714,14.4388,13.9931,14.2783,10990711,0.0625,0.44
2019-10-24,14.412,14.47,13.9709,14.1625,8467433,-0.1157,-0.81
2019-10-25,14.1803,14.4388,14.1714,14.4031,6349074,0.2408,1.7
2019-10-28,14.5101,14.6861,14.5012,14.6438,5537105,0.2405,1.67
2019-10-29,14.5457,14.7463,14.4566,14.6705,6490385,0.0264,0.18
2019-10-30,14.6883,14.6883,14.4299,14.5368,6452228,-0.1335,-0.91
2019-10-31,14.5725,14.6438,14.3496,14.6259,5724941,0.0887,0.61
2019-11-01,14.3496,14.7329,14.0912,14.7062,6996903,0.0804,0.55
2019-11-04,14.7864,14.9735,14.7864,14.8399,10539619,0.1338,0.91
2019-11-05,14.9557,15.0983,14.9423,15.0003,13439757,0.1603,1.08
2019-11-06,15.1161,15.1785,14.9914,15.0983,12812764,0.0975,0.65
2019-11-07,15.2231,15.4637,15.1696,15.3122,9108767,0.2144,1.42
2019-11-08,15.3122,15.544,15.1964,15.5351,5901803,0.2235,1.46
2019-11-11,15.544,15.6777,15.4459,15.5618,5640071,0.0264,0.17
2019-11-12,15.6064,15.6331,15.3835,15.4548,8409427,-0.1074,-0.69
2019-11-13,15.3924,15.437,15.2766,15.3568,8636219,-0.0974,-0.63
2019-11-14,15.2944,15.3301,15.134,15.1785,11010548,-0.1781,-1.16
2019-11-15,15.2855,15.3924,15.1875,15.3568,9913422,0.1776,1.17
2019-11-18,15.3479,15.4014,15.2053,15.4014,8227481,0.0445,0.29
2019-11-19,15.4548,15.6687,15.3924,15.544,9109730,0.1432,0.93
2019-11-20,15.4727,15.5083,15.1964,15.2588,6434113,-0.2844,-1.83
2019-11-21,15.2142,15.3568,15.1429,15.2231,5434922,-0.0351,-0.23
2019-11-22,15.2588,15.4058,15.1875,15.2588,6690184,0.035,0.23
2019-11-25,15.2944,15.5618,15.1607,15.5529,11403407,0.2945,1.93
2019-11-26,14.6883,14.8577,14.0377,14.2338,27765509,-1.3189,-8.48
2019-11-27,14.1981,14.2427,14.0644,14.207,8447533,-0.027,-0.19
2019-11-29,14.1714,14.2962,14.0867,14.109,4805663,-0.098,-0.69
2019-12-02,14.109,14.2516,14.0377,14.0466,9736316,-0.0621,-0.44
2019-12-03,13.8149,13.9218,13.6946,13.9129,6587744,-0.1334,-0.95
2019-12-04,13.9753,14.1536,13.9753,14.0288,5239366,0.1155,0.83
2019-12-05,14.1179,14.2338,14.0823,14.1981,8002371,0.1697,1.21
2019-12-06,14.2962,14.3586,14.1536,14.1803,5307342,-0.0185,-0.13
2019-12-09,14.1179,14.2694,14.0422,14.1625,6839769,-0.0184,-0.13
2019-12-10,14.1445,14.3241,14.1086,14.2253,6887347,0.0623,0.44
2019-12-11,14.2613,14.4499,14.2253,14.2523,6726151,0.027,0.19
2019-12-12,14.2523,14.7642,14.2478,14.7283,9032519,0.476,3.34
2019-12-13,14.7013,14.7732,14.3601,14.396,7431165,-0.3329,-2.26
2019-12-16,14.4678,14.6834,14.4319,14.4409,6902563,0.0446,0.31
2019-12-17,14.4409,14.4588,14.1984,14.2253,8874651,-0.2152,-1.49
2019-12-18,14.1894,14.5217,14.1715,14.2882,10688619,0.0626,0.44
2019-12-19,14.2613,14.3645,14.0817,14.1355,10615219,-0.1529,-1.07
2019-12-20,14.2074,14.2343,13.9918,13.9918,19504291,-0.1442,-1.02
2019-12-23,14.0188,14.2837,13.9559,14.2253,10093991,0.2337,1.67
2019-12-24,14.2074,14.3511,14.1939,14.2972,2022554,0.0725,0.51
2019-12-26,14.3151,14.3601,14.2792,14.3331,3502080,0.0357,0.25
2019-12-27,14.387,14.4678,14.2523,14.2792,7395400,-0.0545,-0.38
2019-12-30,14.2972,14.3601,14.0906,14.1715,10155453,-0.1071,-0.75
2019-12-31,14.0906,14.2792,14.0278,14.2433,7338534,0.0723,0.51
2020-01-02,14.369,14.5307,14.3421,14.5217,8603142,0.2778,1.95
2020-01-03,14.2792,14.3331,14.1086,14.1625,7802388,-0.3587,-2.47
2020-01-06,14.0188,14.1715,14.0008,14.1176,9155725,-0.0453,-0.32
2020-01-07,14.0906,14.158,13.9829,14.0457,8552400,-0.072,-0.51
2020-01-08,13.9829,14.1939,13.911,14.1535,7624924,0.1081,0.77
2020-01-09,14.1894,14.1894,13.8751,14.0727,10669038,-0.0807,-0.57
2020-01-10,14.0727,14.1355,13.8841,13.8931,7536932,-0.1801,-1.28
2020-01-13,13.8931,14.0637,13.8751,13.9649,10123857,0.0722,0.52
2020-01-14,13.9829,14.0727,13.92,13.9559,7669061,-0.0084,-0.06
2020-01-15,13.92,14.0547,13.8571,13.911,6933865,-0.0447,-0.32
2020-01-16,14.0098,14.1894,13.9335,14.1625,6822553,0.2518,1.81
2020-01-17,14.1804,14.1804,13.453,13.5608,18728441,-0.6019,-4.25
2020-01-21,13.4799,13.5069,13.2375,13.3812,13327756,-0.179,-1.32
2020-01-22,13.435,13.5338,13.3812,13.4979,12116305,0.1164,0.87
2020-01-23,13.5069,13.6305,13.2824,13.6147,6112072,0.1161,0.86
2020-01-24,13.6057,13.6685,13.1971,13.2554,9582692,-0.3594,-2.64
2020-01-27,12.986,13.1387,12.8423,13.0399,11601969,-0.2161,-1.63
2020-01-28,13.0938,13.2375,13.0399,13.1297,6350758,0.09,0.69
2020-01-29,13.2465,13.2465,12.9411,12.9501,7123724,-0.1799,-1.37
2020-01-30,12.8064,13.0309,12.7076,12.9501,6938012,0.0,0.0
2020-01-31,12.8513,12.8782,12.4023,12.51,12204373,-0.4403,-3.4
2020-02-03,12.6268,12.9681,12.5819,12.6986,9186213,0.1889,1.51
2020-02-04,12.995,13.215,12.9142,12.9501,8307908,0.2514,1.98
2020-02-05,13.1117,13.3901,13.1117,13.3722,7683701,0.4222,3.26
2020-02-06,13.462,13.5428,13.2914,13.3991,6328866,0.0267,0.2
2020-02-07,13.2375,13.2824,13.1477,13.2375,6361772,-0.1621,-1.21
2020-02-10,13.1566,13.2734,13.0668,13.2644,6762825,0.0265,0.2
2020-02-11,13.3452,13.4575,13.2914,13.3542,4978569,0.0902,0.68
2020-02-12,13.462,13.6326,13.4261,13.4979,7822330,0.1442,1.08
2020-02-13,13.2914,13.3093,13.0668,13.2015,9028524,-0.297,-2.2
2020-02-14,13.2285,13.3093,12.8872,12.9681,8115901,-0.2337,-1.77
2020-02-18,12.7974,12.9321,12.7616,12.9142,5494811,-0.0545,-0.42
2020-02-19,12.9142,13.0668,12.9052,12.995,7303095,0.0814,0.63
2020-02-20,12.9501,13.1656,12.9052,12.995,9141771,0.0,0.0
2020-02-21,12.8782,12.977,12.6537,12.7346,8480256,-0.2599,-2.0
2020-02-24,12.3394,12.5909,12.2227,12.3125,11045232,-0.4215,-3.31
2020-02-25,12.3753,12.3843,11.8455,11.9712,11244392,-0.341,-2.77
2020-02-26,12.07,12.1867,11.6838,11.7108,10243853,-0.261,-2.18
2020-02-27,11.4503,11.7467,11.2438,11.2977,12311447,-0.4134,-3.53
2020-02-28,11.0282,11.4952,10.8307,11.4862,23358012,0.1887,1.67
2020-03-02,11.4862,11.5761,11.0821,11.5761,15540822,0.0896,0.78
2020-03-03,11.3336,11.9712,11.1585,11.3066,15309445,-0.2697,-2.33
2020-03-04,10.687,11.0282,10.2649,11.0103,26220768,-0.2962,-2.62
2020-03-05,10.5972,10.7498,10.4445,10.5882,17618266,-0.4217,-3.83
2020-03-06,10.2828,10.8441,10.2379,10.7678,16164201,0.18,1.7
2020-03-09,10.0493,10.3367,9.6542,10.0044,14914550,-0.7634,-7.09
2020-03-10,10.3403,10.5264,9.9318,10.4584,14684214,0.4542,4.54
2020-03-11,10.1679,10.186,9.5324,9.5959,16340790,-0.8628,-8.25
2020-03-12,8.8787,9.033,8.1524,8.2795,16073916,-1.3166,-13.72
2020-03-13,8.797,8.9786,8.1161,8.9513,13959141,0.6715,8.11
2020-03-16,7.7711,8.0344,6.8905,7.5805,20677083,-1.3704,-15.31
2020-03-17,7.7076,7.8619,6.9722,7.5079,16205307,-0.0728,-0.96
2020-03-18,7.0903,7.871,6.7453,7.7439,16350658,0.2358,3.14
2020-03-19,7.526,8.452,7.1538,8.2705,17683908,0.5266,6.8
2020-03-20,8.4974,8.5882,7.8165,7.8347,19963434,-0.4359,-5.27
2020-03-23,7.753,7.9255,6.9483,7.1084,12308878,-0.7263,-9.27
2020-03-24,7.5079,8.1434,7.4534,8.1161,12485867,1.0079,14.18
2020-03-25,8.1706,9.1511,8.0026,8.5247,16421356,0.4083,5.03
2020-03-26,8.679,9.6322,8.5882,9.5596,13078200,1.0349,12.14
2020-03-27,9.0966,9.3099,8.6971,8.915,12548967,-0.6443,-6.74
2020-03-30,8.8969,9.2782,8.5882,9.1238,10077320,0.2086,2.34
2020-03-31,9.1601,9.2237,8.7834,8.8152,9302829,-0.3084,-3.38
2020-04-01,8.3158,8.8424,8.2523,8.6971,11509959,-0.1181,-1.34
2020-04-02,8.6245,8.9786,8.2614,8.5156,8233687,-0.1818,-2.09
2020-04-03,8.4974,8.7244,8.3612,8.4429,6826767,-0.0724,-0.85
2020-04-06,9.033,9.2237,8.7244,8.9241,10453665,0.4812,5.7
2020-04-07,9.2872,9.4325,8.7607,8.7698,10484466,-0.1544,-1.73
2020-04-08,8.8878,9.3689,8.8606,9.2872,5841946,0.5174,5.9
2020-04-09,9.4779,9.8047,9.4597,9.5596,12500657,0.2721,2.93
2020-04-13,9.5142,9.6231,9.2373,9.4053,6937524,-0.1539,-1.61
2020-04-14,9.6413,9.7684,9.3689,9.4053,8921143,0.0,0.0
2020-04-15,9.0875,9.1102,8.4929,8.6427,16451868,-0.7628,-8.11
2020-04-16,8.6971,8.6971,8.3522,8.4611,11236232,-0.1815,-2.1
2020-04-17,8.6154,8.8969,8.5973,8.8152,9960558,0.3537,4.18
2020-04-20,8.5791,8.8515,8.4157,8.4974,8651448,-0.3173,-3.6
2020-04-21,8.3249,8.3794,8.1524,8.216,7682055,-0.2813,-3.31
2020-04-22,8.4702,8.4974,8.1252,8.1978,9059027,-0.0181,-0.22
2020-04-23,8.2251,8.6064,8.2251,8.4157,8468873,0.2181,2.66
2020-04-24,8.4248,8.6971,8.3885,8.6518,9376615,0.2357,2.8
2020-04-27,8.5428,8.8333,8.5156,8.7698,6455101,0.1177,1.36
2020-04-28,8.9241,9.1057,8.8515,8.8969,8552997,0.1272,1.45
2020-04-29,9.1601,9.4688,9.1511,9.3599,10508057,0.4627,5.2
2020-04-30,9.2782,9.2963,9.0694,9.1329,8172935,-0.2265,-2.42
2020-05-01,8.9059,8.915,8.4883,8.6064,6454182,-0.527,-5.77
2020-05-04,8.4883,8.5882,8.2795,8.5156,6867498,-0.0904,-1.05
2020-05-05,8.6518,8.8242,8.5247,8.5428,5361920,0.0272,0.32
2020-05-06,8.5973,8.679,8.3522,8.4883,8741244,-0.0547,-0.64
2020-05-07,8.5882,8.8424,8.5791,8.6971,7819243,0.2088,2.46
2020-05-08,8.8606,9.3326,8.8152,9.3054,7173635,0.608,6.99
2020-05-11,9.1511,9.1892,8.7698,8.8333,7776344,-0.4718,-5.07
2020-05-12,8.8878,9.0149,8.6064,8.6064,8668250,-0.227,-2.57
2020-05-13,8.5791,8.5791,8.1797,8.2432,9420947,-0.3632,-4.22
2020-05-14,8.1343,8.3522,7.8256,8.3249,8108822,0.0816,0.99
2020-05-15,8.2069,8.3068,8.0707,8.2705,6691307,-0.0541,-0.65
2020-05-18,8.561,9.1057,8.5337,9.0694,11822770,0.7989,9.66
2020-05-19,9.0149,9.2509,8.7698,9.1148,8220793,0.0453,0.5
2020-05-20,9.1692,9.3508,9.1193,9.3326,7695976,0.2178,2.39
2020-05-21,9.3054,9.487,9.2645,9.4053,11153872,0.0728,0.78
2020-05-22,8.5337,8.7698,8.1978,8.3249,28856523,-1.0807,-11.49
2020-05-26,8.5791,8.6699,8.4702,8.5519,22433155,0.2273,2.73
2020-05-27,8.6699,8.8606,8.5973,8.8606,14601647,0.3087,3.61
2020-05-28,8.8606,8.9241,8.5973,8.7062,16009607,-0.1542,-1.74
2020-05-29,8.6427,8.856,8.5156,8.8152,23840832,0.1088,1.25
2020-06-01,8.7788,9.0149,8.6699,8.8606,11042325,0.045,0.51
2020-06-02,8.9604,9.0694,8.8969,9.033,10944265,0.1728,1.95
2020-06-03,9.1057,9.4824,9.0603,9.3871,11925566,0.3541,3.92
2020-06-04,9.26,9.5596,9.1965,9.5142,13596096,0.1267,1.35
2020-06-05,10.1406,10.3313,9.95,10.0861,16560237,0.5718,6.01
2020-06-08,10.4039,10.6309,10.2405,10.5219,17123922,0.4357,4.32
2020-06-09,10.2742,10.2834,10.0174,10.1091,13803555,-0.4124,-3.92
2020-06-10,10.0082,10.0816,9.7238,9.8156,12908434,-0.2932,-2.9
2020-06-11,9.2285,9.3661,8.889,8.9441,21903541,-0.8716,-8.88
2020-06-12,9.3477,9.4211,8.9991,9.311,14444998,0.3667,4.1
2020-06-15,9.0725,9.4349,9.0266,9.3661,15890875,0.0549,0.59
2020-06-16,9.733,9.8522,9.467,9.5495,12434147,0.1836,1.96
2020-06-17,9.577,9.6229,9.1734,9.2101,15294877,-0.339,-3.55
2020-06-18,9.1184,9.3982,9.0266,9.3018,13211270,0.0921,1.0
2020-06-19,9.4853,9.5128,8.9349,9.0083,26732681,-0.294,-3.16
2020-06-22,8.9808,9.0037,8.8157,8.9074,11991557,-0.1009,-1.12
2020-06-23,9.045,9.1734,8.8523,8.8707,16645438,-0.0365,-0.41
2020-06-24,8.7698,8.7973,8.4854,8.5038,16171665,-0.3673,-4.14
2020-06-25,8.4304,8.7331,8.2286,8.6872,14373986,0.1837,2.16
2020-06-26,8.623,8.7331,8.5505,8.7147,13084412,0.0278,0.32
2020-06-29,8.7881,8.8432,8.6138,8.7881,9436121,0.0732,0.84
2020-06-30,8.7514,8.9533,8.7239,8.9257,10092070,0.138,1.57
2020-07-01,8.9166,8.9533,8.5771,8.6414,9192918,-0.2847,-3.19
2020-07-02,8.7973,8.9395,8.6047,8.6322,9606147,-0.0095,-0.11
2020-07-06,8.8065,8.8707,8.6689,8.7973,8969695,0.1649,1.91
2020-07-07,8.6964,8.7331,8.3065,8.3203,10733307,-0.4768,-5.42
2020-07-08,8.3753,8.4854,8.2286,8.4487,8796336,0.1281,1.54
2020-07-09,8.4487,8.4671,8.2102,8.2377,9402817,-0.2112,-2.5
2020-07-10,8.2561,8.5083,8.2286,8.4946,7315085,0.257,3.12
2020-07-13,8.6047,8.7881,8.3432,8.6597,13828079,0.1648,1.94
2020-07-14,8.6138,8.7927,8.49,8.7239,8845435,0.0641,0.74
2020-07-15,8.9533,9.0587,8.7469,8.8432,8162742,0.1195,1.37
2020-07-16,8.7881,9.1276,8.7514,8.9166,11771358,0.0734,0.83
2020-07-17,8.9533,8.9808,8.8111,8.8707,7211825,-0.0455,-0.51
2020-07-20,8.8065,8.8569,8.6001,8.7606,7195041,-0.11,-1.24
2020-07-21,8.8065,9.0175,8.7973,8.8615,13268548,0.1007,1.15
2020-07-22,8.8248,8.9991,8.7606,8.9441,9564826,0.0824,0.93
2020-07-23,8.9533,9.1184,8.8478,9.0083,7476313,0.0644,0.72
2020-07-24,8.9899,9.0312,8.8248,8.8248,9185350,-0.1838,-2.04
2020-07-27,8.779,8.9624,8.6872,8.9441,5465095,0.1191,1.35
2020-07-28,8.9074,8.9349,8.6964,8.6964,7919322,-0.2478,-2.77
2020-07-29,8.7147,9.0047,8.623,8.9074,10821017,0.2113,2.43
2020-07-30,8.7973,8.8707,8.5771,8.8248,9499836,-0.0828,-0.93
2020-07-31,8.8065,9.0817,8.6689,9.0542,24919644,0.2294,2.6
2020-08-03,9.0542,9.1734,8.9074,9.0725,9724086,0.0181,0.2
2020-08-04,9.0725,9.2835,9.0542,9.1367,7913755,0.0644,0.71
2020-08-05,9.2193,9.3018,9.0542,9.1367,6742284,0.0,0.0
2020-08-06,9.0542,9.3936,9.0266,9.2743,11468221,0.138,1.51
2020-08-07,9.256,9.3018,9.1459,9.256,7961138,-0.0185,-0.2
2020-08-10,9.2743,9.4899,9.2743,9.3661,12021466,0.1101,1.19
2020-08-11,9.522,9.7238,9.2652,9.3202,9680149,-0.0459,-0.49
2020-08-12,9.4303,9.467,9.1918,9.3018,7469878,-0.0186,-0.2
2020-08-13,9.1826,9.2009,8.7606,8.8157,11949518,-0.4865,-5.23
2020-08-14,8.7606,8.9441,8.6322,8.8707,8041888,0.0547,0.62
2020-08-17,8.9074,8.9166,8.6505,8.6781,8930976,-0.1925,-2.17
2020-08-18,8.623,8.7423,8.5863,8.6689,6092762,-0.0095,-0.11
2020-08-19,8.7239,8.8386,8.623,8.6414,5024164,-0.0277,-0.32
2020-08-20,8.5588,8.6047,8.4487,8.4946,6993991,-0.1469,-1.7
2020-08-21,8.4762,8.5863,8.3662,8.5588,8433815,0.0646,0.76
2020-08-24,8.623,8.9899,8.623,8.8248,10576453,0.2662,3.11
2020-08-25,8.834,8.9441,8.5359,8.5588,15471074,-0.2656,-3.01
2020-08-26,9.2652,9.4303,8.8248,8.8707,27301760,0.3116,3.64
2020-08-27,8.8707,8.9074,8.6414,8.779,10944378,-0.0914,-1.03
2020-08-28,8.7973,9.0358,8.7531,9.0175,10165579,0.2388,2.72
2020-08-31,9.0175,9.0817,8.8065,8.8707,9872996,-0.147,-1.63
2020-09-01,8.8707,8.9074,8.6001,8.6872,13316121,-0.1836,-2.07
2020-09-02,8.7239,9.0817,8.6964,9.0175,12537069,0.3301,3.8
2020-09-03,9.0358,9.2652,8.6689,8.7331,11362058,-0.284,-3.15
2020-09-04,8.8065,8.9624,8.6414,8.7973,14867835,0.0646,0.74
2020-09-08,8.6858,8.9924,8.6211,8.7601,13464320,-0.0369,-0.42
2020-09-09,8.8995,8.8995,8.6673,8.788,10452404,0.028,0.32
2020-09-10,8.8066,8.8716,8.5279,8.5651,9992992,-0.2232,-2.54
2020-09-11,8.6115,8.6162,8.4536,8.5836,10212859,0.0188,0.22
2020-09-14,8.658,8.7973,8.6115,8.7044,10829071,0.121,1.41
2020-09-15,8.6487,8.7694,8.6069,8.6208,6831325,-0.0836,-0.96
2020-09-16,8.6951,8.9831,8.6301,8.7973,12250810,0.1767,2.05
2020-09-17,8.658,8.9552,8.6301,8.9459,10690467,0.1487,1.69
2020-09-18,8.9274,8.9459,8.7555,8.8252,15150963,-0.1208,-1.35
2020-09-21,8.6394,8.658,8.4489,8.5744,17300380,-0.2506,-2.84
2020-09-22,8.6208,8.6951,8.5186,8.6487,9640475,0.0746,0.87
2020-09-23,8.6487,8.8159,8.4164,8.4257,9145820,-0.2231,-2.58
2020-09-24,8.3793,8.579,8.2074,8.4815,11040317,0.0556,0.66
2020-09-25,8.435,8.5186,8.2864,8.4629,10650631,-0.0187,-0.22
2020-09-28,8.6022,8.8252,8.5836,8.8066,13486257,0.3436,4.06
2020-09-29,8.8252,8.8809,8.658,8.7137,7850871,-0.0925,-1.05
2020-09-30,8.7323,8.8623,8.6394,8.7044,8426616,-0.0096,-0.11
2020-10-01,8.7601,8.7741,8.5,8.5744,8777881,-0.1297,-1.49
2020-10-02,8.4071,8.7834,8.4071,8.7509,9226979,0.1766,2.06
2020-10-05,8.8345,9.0946,8.8252,9.076,12705328,0.3255,3.72
2020-10-06,9.1132,9.2014,8.8438,8.8809,10267126,-0.1951,-2.15
2020-10-07,8.9738,9.0946,8.9692,9.076,6407549,0.1954,2.2
2020-10-08,9.1039,9.3547,9.1039,9.2804,14149264,0.2042,2.25
2020-10-09,9.3361,9.364,9.0481,9.1132,7921147,-0.167,-1.8
2020-10-12,9.1317,9.2339,9.0249,9.2246,6836524,0.1112,1.22
2020-10-13,9.141,9.2479,9.011,9.0853,7553129,-0.1393,-1.51
2020-10-14,9.0853,9.2246,9.0481,9.0667,6670006,-0.0182,-0.2
2020-10-15,8.9831,9.1782,8.9367,9.1782,7045920,0.1115,1.23
2020-10-16,9.2525,9.3175,8.788,8.8066,15991989,-0.3717,-4.05
2020-10-19,8.853,8.9041,8.6765,8.6858,9550333,-0.1206,-1.37
2020-10-20,8.7323,8.8716,8.6673,8.6765,7226254,-0.0096,-0.11
2020-10-21,8.6858,8.723,8.5674,8.658,8303309,-0.0182,-0.21
2020-10-22,8.658,8.8252,8.5697,8.788,8138097,0.1299,1.5
2020-10-23,8.8345,8.8809,8.723,8.8066,7366114,0.0185,0.21
2020-10-26,8.6951,8.7323,8.3189,8.4164,13765986,-0.3901,-4.43
2020-10-27,8.3607,8.3932,8.1656,8.1749,12446133,-0.2416,-2.87
2020-10-28,7.9612,8.0634,7.7662,7.7754,13043502,-0.3998,-4.89
2020-10-29,7.7662,7.9891,7.6965,7.9241,12799141,0.1485,1.91
2020-10-30,7.8405,8.0356,7.8033,8.0263,12125828,0.1022,1.29
2020-11-02,8.1656,8.3328,8.0309,8.2771,11066330,0.2512,3.13
2020-11-03,8.3979,8.6765,8.3793,8.658,12712129,0.3808,4.6
2020-11-04,8.6301,8.6301,8.1935,8.1935,21370414,-0.464,-5.36
2020-11-05,8.3375,8.7044,8.3235,8.6208,11201024,0.4277,5.22
2020-11-06,8.5929,8.6812,8.4443,8.5372,10262421,-0.0836,-0.97
2020-11-09,8.8716,9.2525,8.8159,9.0388,19918759,0.502,5.88
2020-11-10,9.076,9.2897,9.0574,9.2061,14920717,0.1672,1.85
2020-11-11,9.2153,9.2432,9.011,9.2432,10516364,0.0368,0.4
2020-11-12,9.1875,9.2044,8.853,8.9831,14318604,-0.2597,-2.81
2020-11-13,9.076,9.4569,9.0388,9.4197,10677126,0.4366,4.86
2020-11-16,9.7356,9.9585,9.5962,9.8749,13695648,0.455,4.83
2020-11-17,9.6984,9.782,9.5219,9.7356,8296971,-0.1392,-1.41
2020-11-18,9.782,10.0514,9.7449,9.7541,9212011,0.0185,0.19
2020-11-19,9.7263,9.8099,9.6148,9.7449,9531531,-0.0098,-0.1
2020-11-20,9.7356,9.7495,9.6055,9.7263,7702167,-0.0185,-0.19
2020-11-23,9.8377,10.3115,9.7541,10.2837,10203257,0.5573,5.73
2020-11-24,10.4416,10.8503,10.344,10.711,12355102,0.4278,4.16
2020-11-25,10.6274,10.6552,10.3858,10.4416,10258144,-0.2699,-2.52
2020-11-27,10.4044,10.6088,10.2651,10.423,5332882,-0.0188,-0.18
2020-11-30,10.4787,10.5809,10.1675,10.2558,18573807,-0.1668,-1.6
2020-12-01,10.3487,10.5856,10.2233,10.4044,17330282,0.1487,1.45
2020-12-02,10.3208,10.7017,10.2186,10.7017,20679429,0.2976,2.86
2020-12-03,10.7017,10.999,10.5623,10.7853,13842070,0.0835,0.78
2020-12-04,10.8782,11.4634,10.8596,11.4634,12847743,0.6784,6.29
2020-12-07,11.3148,11.4263,11.1104,11.2219,9026225,-0.2419,-2.11
2020-12-08,11.1656,11.4002,11.0624,11.3533,8063433,0.1313,1.17
2020-12-09,11.297,11.6066,11.2876,11.3814,10536829,0.0284,0.25
2020-12-10,11.2313,11.494,11.1844,11.372,7837160,-0.0091,-0.08
2020-12-11,11.2407,11.4143,11.2219,11.2501,6710269,-0.122,-1.0726
2020-12-14,11.2313,11.494,11.1093,11.1375,9494537,-0.1125,-1.0
2020-12-15,11.2594,11.4283,11.0859,11.4189,10241739,0.2818,2.53
2020-12-16,11.4471,11.5128,11.2501,11.4096,13599832,-0.0091,-0.08
2020-12-17,11.4096,11.4987,11.3157,11.4283,7487300,0.0183,0.16
2020-12-18,11.4096,11.5691,11.2876,11.372,24725578,-0.056,-0.49
2020-12-21,11.1187,11.1375,10.8466,10.9498,12089552,-0.4219,-3.71
2020-12-22,11.0249,11.0662,10.8654,10.8935,6655727,-0.0558,-0.51
2020-12-23,10.9404,11.1422,10.9404,11.0249,6112839,0.1318,1.21
2020-12-24,11.0999,11.1046,10.9404,11.0343,2539933,0.0099,0.09
2020-12-28,11.0436,11.311,11.0202,11.0624,6552926,0.0287,0.26
2020-12-29,11.1093,11.1187,10.856,10.9498,5717132,-0.1128,-1.02
2020-12-30,10.9404,11.0905,10.9123,10.9592,4647511,0.0099,0.09
2020-12-31,10.9498,11.1468,10.9217,11.1187,5700952,0.16,1.46
2021-01-04,11.1656,11.2594,10.8184,10.856,8007244,-0.2624,-2.36
2021-01-05,10.856,11.1375,10.856,11.053,10969207,0.197,1.815
2021-01-06,11.2219,11.494,11.1844,11.297,9752389,0.2443,2.21
2021-01-07,11.4096,11.4846,11.2078,11.2313,10019877,-0.0655,-0.58
2021-01-08,11.2407,11.2876,11.0389,11.1468,10151157,-0.0842,-0.75
2021-01-11,10.978,11.3345,10.9498,11.2313,7677936,0.0847,0.76
2021-01-12,11.297,11.4752,11.2125,11.3908,7114771,0.1595,1.42
2021-01-13,11.4096,11.4893,11.2782,11.4189,9528466,0.0285,0.25
2021-01-14,11.4846,11.7849,11.4096,11.7098,9784749,0.2912,2.55
2021-01-15,11.8693,12.0851,11.5972,11.7661,12836944,0.0562,0.48
2021-01-19,11.813,11.874,11.5128,11.5503,9202843,-0.2153,-1.83
2021-01-20,11.5409,11.6535,11.5034,11.5785,4825597,0.0281,0.2437
2021-01-21,11.5785,11.5878,11.4049,11.5034,7016697,-0.0753,-0.65
2021-01-22,11.3439,11.4096,11.0718,11.3908,10126768,-0.1126,-0.9788
2021-01-25,11.3345,11.5409,11.114,11.5409,9483456,0.1504,1.32
2021-01-26,11.5878,11.6254,11.2735,11.4659,5967713,-0.075,-0.65
2021-01-27,11.3439,12.3385,11.3157,12.2634,20717755,0.798,6.96
2021-01-28,12.2916,12.3009,11.7849,11.7849,10760857,-0.4783,-3.9
2021-01-29,11.738,11.9256,11.4283,11.5785,11396516,-0.2062,-1.75
2021-02-01,11.6629,11.7567,11.4283,11.616,7227008,0.0371,0.32
2021-02-02,11.7286,11.7755,11.494,11.5878,6689401,-0.0279,-0.24
2021-02-03,11.5409,12.0476,11.5128,11.935,7341784,0.3472,2.996
2021-02-04,11.9538,12.1837,11.8787,12.1602,6223727,0.2256,1.89
2021-02-05,12.1883,12.3854,12.1274,12.3291,7572087,0.169,1.39
2021-02-08,12.2822,12.695,12.2728,12.6669,9014887,0.3378,2.74
2021-02-09,12.7325,12.8405,12.5834,12.7607,5810982,0.0937,0.74
2021-02-10,13.0234,13.2674,12.8405,13.0985,17178587,0.3381,2.65
2021-02-11,13.0516,13.3894,12.9953,13.3143,12300818,0.2161,1.65
2021-02-12,13.3424,13.5113,13.2516,13.4926,7384283,0.1784,1.34
2021-02-16,13.5395,13.6802,13.3143,13.4175,14379448,-0.0756,-0.56
2021-02-17,13.3894,13.4081,12.9859,13.136,12412542,-0.2818,-2.1
2021-02-18,13.0516,13.1454,12.9859,13.0797,7934508,-0.0565,-0.43
2021-02-19,13.2111,13.3565,13.1501,13.258,8411944,0.1783,1.363
2021-02-22,13.1829,13.7834,13.166,13.577,13819612,0.3195,2.41
2021-02-23,13.6052,13.6427,13.3002,13.577,13425225,0.0,0.0
2021-02-24,13.6239,13.957,13.6052,13.9242,8254661,0.3476,2.56
2021-02-25,13.8585,13.9711,13.516,13.5958,14550070,-0.3286,-2.36
2021-02-26,13.6052,13.8542,13.4269,13.6615,16808846,0.0653,0.48
2021-03-01,13.9148,14.0508,13.6521,13.699,14612324,0.0369,0.27
2021-03-02,13.7084,13.7459,13.4738,13.6052,13984056,-0.0931,-0.68
2021-03-03,14.0462,14.1305,13.3424,13.6615,24620048,0.0558,0.41
2021-03-04,13.6239,13.7647,12.6528,13.1735,20112880,-0.4877,-3.57
2021-03-05,13.2486,13.6239,13.1266,13.5113,14684123,0.3373,2.56
2021-03-08,13.5582,14.0368,13.5066,13.896,11783828,0.3851,2.85
2021-03-09,13.8487,14.369,13.7352,14.0568,14777916,0.1612,1.16
2021-03-10,14.2366,14.4447,13.9764,14.3312,10269055,0.2741,1.95
2021-03-11,14.2839,14.7095,14.2209,14.6622,11714415,0.331,2.31
2021-03-12,14.8041,15.0974,14.7663,14.9555,14179667,0.2932,2.0
2021-03-15,14.8136,15.2677,14.8136,15.1825,11627401,0.2273,1.52
2021-03-16,15.1352,15.1589,14.7332,14.8893,10772358,-0.293,-1.93
2021-03-17,14.9271,15.1636,14.8325,15.1636,10421377,0.274,1.84
2021-03-18,15.0595,15.2298,14.6954,14.7379,13271391,-0.4261,-2.81
2021-03-19,14.6812,14.7143,14.4447,14.4541,20385115,-0.2845,-1.93
2021-03-22,14.4258,14.596,14.2933,14.5109,8064663,0.0564,0.39
2021-03-23,14.4541,14.5014,13.8487,13.9622,9228226,-0.5485,-3.78
2021-03-24,14.1041,14.3595,13.9339,13.9622,7796462,0.0,0.0
2021-03-25,13.8866,14.596,13.8582,14.5109,12559041,0.5487,3.93
2021-03-26,14.6339,15.1636,14.5866,15.1447,11924059,0.6341,4.37
2021-03-29,15.069,15.2024,14.7947,14.8136,9186381,-0.3317,-2.19
2021-03-30,14.842,14.9933,14.8041,14.9271,8423501,0.1141,0.77
2021-03-31,14.9271,15.0595,14.8514,14.8893,11860283,-0.0373,-0.25
2021-04-01,14.9271,14.9649,14.7001,14.8514,12195014,-0.0372,-0.25
2021-04-05,14.8798,15.1541,14.7379,15.0501,12192850,0.199,1.34
2021-04-06,15.0028,15.1068,14.9366,15.0595,9396597,0.009,0.06
2021-04-07,15.0406,15.1541,14.9271,15.0406,7077011,-0.0196,-0.13
2021-04-08,15.0406,15.0879,14.7947,14.8893,7950324,-0.1519,-1.01
2021-04-09,14.8987,15.0028,14.8231,14.9366,10800783,0.0473,0.3177
2021-04-12,14.946,15.0406,14.8704,14.9649,8039309,0.0284,0.19
2021-04-13,14.946,14.9649,14.7095,14.8231,8504540,-0.1422,-0.95
2021-04-14,14.7758,15.0974,14.7758,14.9271,7802391,0.1041,0.702
2021-04-15,15.0501,15.1405,14.9413,14.9839,10702501,0.0567,0.38
2021-04-16,15.069,15.2109,15.0406,15.0879,9283879,0.104,0.6944
2021-04-19,15.0879,15.1683,15.0075,15.0974,9789709,0.0091,0.06
2021-04-20,15.1447,15.1731,14.8136,14.8987,6549288,-0.1993,-1.32
2021-04-21,14.8987,15.2298,14.8231,15.1258,33335886,0.2265,1.52
2021-04-22,15.1352,15.5514,15.0406,15.1352,29016031,0.0091,0.06
2021-04-23,15.1731,15.5893,15.0879,15.5325,19624312,0.398,2.63
2021-04-26,15.5041,15.7028,15.3102,15.3528,15533860,-0.1802,-1.16
2021-04-27,15.4001,15.4474,15.2204,15.3244,9498555,-0.0276,-0.18
2021-04-28,15.3339,15.4048,15.2109,15.2771,8810258,-0.0475,-0.31
2021-04-29,15.4568,15.5656,15.3244,15.4852,9696678,0.2078,1.36
2021-04-30,15.4568,15.4568,15.0359,15.1541,12525961,-0.3314,-2.14
2021-05-03,15.1731,15.315,15.0028,15.1541,8367348,0.0,0.0
2021-05-04,15.1352,15.192,14.9031,15.0122,8524825,-0.1425,-0.94
2021-05-05,15.0501,15.192,14.8704,15.0974,7321144,0.0856,0.57
2021-05-06,15.1541,15.4947,15.0454,15.4852,8715742,0.388,2.57
2021-05-07,15.4568,15.665,15.3155,15.5893,8737634,0.1038,0.67
2021-05-10,15.6082,15.8352,15.4947,15.5231,8074331,-0.0655,-0.42
2021-05-11,15.1541,15.3906,15.0595,15.296,6875231,-0.2266,-1.46
2021-05-12,15.4001,15.4001,14.7899,14.8325,9243128,-0.4635,-3.03
2021-05-13,14.842,15.2677,14.7758,15.2014,7398216,0.3693,2.49
2021-05-14,15.315,15.4568,15.1447,15.3812,7242604,0.1794,1.18
2021-05-17,15.4568,15.7123,15.3812,15.646,10354282,0.2646,1.72
2021-05-18,15.6082,15.7123,15.4285,15.4474,7610766,-0.1987,-1.27
2021-05-19,15.2487,15.2677,14.9555,15.2487,7144750,-0.1993,-1.29
2021-05-20,15.2393,15.3528,15.0312,15.2393,7911704,-0.0091,-0.06
2021-05-21,15.3244,15.4758,15.2771,15.3528,6660947,0.1128,0.74
2021-05-24,15.4663,15.5609,15.3622,15.4758,5594526,0.1228,0.8
2021-05-25,15.4285,15.4947,15.1541,15.1825,8726388,-0.2925,-1.89
2021-05-26,15.2204,15.419,15.1731,15.3622,9779082,0.1792,1.18
2021-05-27,15.4663,15.646,15.3244,15.4568,15352114,0.0952,0.62
2021-05-28,15.5041,15.5373,15.0595,15.0974,11684858,-0.3595,-2.3256
2021-06-01,15.2677,15.3528,15.0312,15.2204,11694171,0.1223,0.81
2021-06-02,15.0122,15.315,14.9224,15.2014,18204318,-0.0183,-0.12
2021-06-03,15.1258,15.1541,14.9745,15.0406,9960956,-0.1611,-1.06
2021-06-04,15.0595,15.3528,15.0028,15.3433,10221304,0.3023,2.01
2021-06-07,15.3528,15.4332,14.9744,15.0406,8055780,-0.3023,-1.97
2021-06-08,15.0406,15.2109,14.8987,15.1352,7095067,0.0948,0.63
2021-06-09,15.1163,15.1258,14.7616,14.8041,9019377,-0.3315,-2.19
2021-06-10,14.8893,14.9555,14.7217,14.7852,6340459,-0.0192,-0.13
2021-06-11,14.8136,15.0312,14.8041,15.0312,7602272,0.2454,1.66
2021-06-14,15.0879,15.1825,14.8041,14.8704,8249239,-0.1608,-1.07
2021-06-15,14.9085,15.0133,14.8132,14.899,7527247,0.0283,0.19
2021-06-16,14.8894,14.9752,14.7655,14.8322,7864964,-0.067,-0.45
2021-06-17,14.8418,14.9085,13.9362,14.0601,15591084,-0.7728,-5.21
2021-06-18,13.8504,13.8933,13.6407,13.7741,23705582,-0.2854,-2.03
2021-06-21,13.8599,14.1936,13.8218,14.041,7972885,0.2672,1.94
2021-06-22,13.9934,14.0744,13.817,13.9267,9002367,-0.1137,-0.81
2021-06-23,13.9553,13.9553,13.7408,13.7837,9421666,-0.1434,-1.03
2021-06-24,13.9362,13.9362,13.8075,13.9362,6649627,0.153,1.11
2021-06-25,13.9076,14.103,13.8981,14.0506,7595657,0.1143,0.82
2021-06-28,14.0315,14.0506,13.7932,13.8504,6312842,-0.1995,-1.42
2021-06-29,13.9362,14.0172,13.7837,13.8504,5964151,0.0,0.0
2021-06-30,13.8218,13.9457,13.7741,13.8981,7333883,0.0471,0.34
2021-07-01,14.0315,14.1173,13.9124,14.0124,8281977,0.114,0.82
2021-07-02,14.0506,14.0601,13.8981,14.022,4435069,0.0098,0.07
2021-07-06,14.022,14.041,13.6312,13.6788,7866552,-0.3435,-2.45
2021-07-07,13.6788,13.8885,13.6312,13.7646,7674429,0.0862,0.63
2021-07-08,13.4882,13.736,13.3744,13.6312,7951286,-0.1335,-0.97
2021-07-09,13.8123,13.9362,13.7455,13.8981,5304642,0.2672,1.96
2021-07-12,13.8218,13.879,13.7265,13.7932,5872307,-0.1042,-0.75
2021-07-13,13.7169,13.736,13.0449,13.1164,15287309,-0.6773,-4.91
2021-07-14,13.2403,13.5549,13.1641,13.3547,10422469,0.2387,1.82
2021-07-15,13.2403,13.4786,13.2213,13.4119,12683079,0.0574,0.43
2021-07-16,13.5454,13.574,13.1736,13.2117,9645650,-0.1998,-1.49
2021-07-19,12.9258,13.1021,12.8495,13.0306,13289633,-0.181,-1.37
2021-07-20,13.0497,13.3547,13.0306,13.3166,9144791,0.286,2.1946
2021-07-21,13.4119,13.5883,13.3071,13.5644,12163418,0.2478,1.8611
2021-07-22,13.5168,13.5454,13.2737,13.3643,9795369,-0.2008,-1.48
2021-07-23,13.4024,13.4948,13.3261,13.4405,6787254,0.0762,0.57
2021-07-26,13.6693,13.9839,13.6693,13.7551,11046941,0.3145,2.34
2021-07-27,13.574,13.7265,13.4119,13.6693,6485195,-0.0853,-0.62
2021-07-28,13.8218,13.8695,13.5406,13.7837,6465906,0.1148,0.84
2021-07-29,13.9457,13.9934,13.7932,13.8695,6440858,0.0855,0.62
2021-07-30,13.7646,13.8885,13.7217,13.8218,8153834,-0.0472,-0.34
2021-08-02,13.9076,14.1745,13.8027,13.8123,7937007,-0.0097,-0.07
2021-08-03,13.8981,14.184,13.6598,14.1554,5425838,0.3426,2.48
2021-08-04,14.0124,14.1173,13.8647,13.9743,10097202,-0.1812,-1.28
2021-08-05,14.0887,14.1459,13.9505,14.0029,4851385,0.0279,0.2
2021-08-06,14.0982,14.2794,14.0792,14.1745,3667724,0.1722,1.23
2021-08-09,14.165,14.1651,13.9648,14.0315,4390970,-0.1432,-1.01
2021-08-10,14.0124,14.1364,13.9457,14.1268,6879972,0.0954,0.68
2021-08-11,14.1936,14.5653,14.0506,14.4795,6561096,0.3532,2.5
2021-08-12,14.4986,14.5367,14.3318,14.4986,3992979,0.0188,0.13
2021-08-13,14.4891,14.4891,14.2603,14.2794,5145052,-0.2192,-1.5122
2021-08-16,14.2031,14.327,13.9743,14.2984,6356924,0.0186,0.13
2021-08-17,14.2222,14.2603,13.9648,14.2222,7972970,-0.0758,-0.53
2021-08-18,14.1554,14.2603,14.0124,14.022,6290216,-0.2002,-1.4075
2021-08-19,13.8981,13.9457,13.6026,13.7074,7395399,-0.3141,-2.24
2021-08-20,13.7265,13.9076,13.6788,13.8981,3944750,0.1905,1.39
2021-08-23,13.9457,14.1078,13.8695,14.0124,5114444,0.1144,0.823
2021-08-24,14.0792,14.2031,13.9505,14.1459,4760173,0.1331,0.95
2021-08-25,14.1459,14.5167,14.1173,14.4033,5934298,0.2575,1.82
2021-08-26,14.5177,14.8151,14.3985,14.4128,11897522,0.0101,0.07
2021-08-27,14.3937,14.7655,14.2889,14.6988,9472399,0.286,1.9841
2021-08-30,14.7464,14.8132,14.5177,14.5939,6611848,-0.1044,-0.71
2021-08-31,14.632,14.8036,14.6082,14.7369,10701666,0.143,0.98
2021-09-01,14.775,14.8036,14.4986,14.6225,8203103,-0.115,-0.78
2021-09-02,14.6892,14.7607,14.5272,14.6702,11049783,0.0483,0.33
2021-09-03,14.8465,15.1468,14.6702,14.756,14355387,0.0851,0.58
2021-09-07,14.6797,14.756,14.2794,14.3175,12803010,-0.4382,-2.97
2021-09-08,14.2603,14.327,13.8313,13.8599,11716189,-0.4582,-3.2
2021-09-09,13.8123,14.0553,13.7837,13.9743,8603465,0.115,0.83
2021-09-10,13.9839,14.0766,13.7292,13.7533,7289677,-0.221,-1.5818
2021-09-13,13.7917,13.8205,13.5803,13.7437,15522934,-0.0096,-0.0699
2021-09-14,13.8398,13.8494,13.1766,13.2151,12737467,-0.5286,-3.8462
2021-09-15,13.2151,13.3304,13.1136,13.2054,16081314,-0.0093,-0.07
2021-09-16,13.2151,13.3112,13.1045,13.1286,8015312,-0.0766,-0.58
2021-09-17,12.9844,13.0757,12.8306,13.0228,26241831,-0.1063,-0.81
2021-09-20,12.7537,12.8787,12.5711,12.7633,10765540,-0.2591,-1.99
2021-09-21,12.8306,12.8883,12.4846,12.5038,9342294,-0.2595,-2.0331
2021-09-22,12.5711,12.773,12.5711,12.648,7783293,0.1438,1.15
2021-09-23,12.7345,13.0709,12.7057,12.9171,6825697,0.2694,2.13
2021-09-24,12.8402,13.0517,12.8306,12.8883,5792256,-0.0284,-0.22
2021-09-27,12.8883,13.6331,12.8883,13.4553,12385664,0.567,4.3997
2021-09-28,13.4553,13.7821,13.4457,13.6283,10810799,0.1736,1.29
2021-09-29,13.6187,13.6908,13.4553,13.5418,9832350,-0.0859,-0.63
2021-09-30,13.6764,14.1473,13.6668,13.6956,19163908,0.1544,1.14
2021-10-01,13.7821,14.1281,13.7629,14.0512,9176444,0.3561,2.6
2021-10-04,14.08,14.4597,14.0224,14.2723,13567120,0.2206,1.57
2021-10-05,14.3684,14.5606,14.205,14.4453,13140055,0.1727,1.21
2021-10-06,14.2242,14.3366,13.8878,14.1377,14791766,-0.3077,-2.13
2021-10-07,14.2819,14.3684,14.1762,14.1954,10950870,0.058,0.41
2021-10-08,14.3011,14.4741,14.1954,14.253,7742820,0.0582,0.41
2021-10-11,14.2723,14.4933,14.2242,14.2819,7033708,0.0285,0.2
2021-10-12,14.3107,14.3107,14.0704,14.1281,8642613,-0.1538,-1.0767
2021-10-13,14.1089,14.2482,13.9551,14.1473,8427697,0.0198,0.14
2021-10-14,14.1858,14.4741,14.1665,14.4645,6386282,0.3169,2.24
2021-10-15,14.5318,14.6951,14.5318,14.5606,7634276,0.0955,0.66
2021-10-18,14.4453,14.7432,14.4164,14.5221,7891572,-0.0379,-0.26
2021-10-19,14.6183,14.8441,14.5077,14.772,9862146,0.2498,1.72
2021-10-20,14.7816,15.0507,14.7135,14.8874,8391638,0.1153,0.7807
2021-10-21,14.8105,15.0411,14.6951,14.8874,9633279,0.0,0.0
2021-10-22,14.8585,15.0796,14.7624,14.7624,11745155,-0.1251,-0.84
2021-10-25,14.8105,14.897,14.7528,14.8105,9772608,0.0487,0.33
2021-10-26,14.8489,14.8585,14.1762,14.3011,18428437,-0.5095,-3.44
2021-10-27,14.2819,14.2819,13.9118,14.0128,11529750,-0.2889,-2.02
2021-10-28,14.0416,14.3304,13.9167,14.1858,11965246,0.1724,1.23
2021-10-29,14.205,14.5077,14.0704,14.08,16770834,-0.1064,-0.75
2021-11-01,14.1569,14.4356,14.1185,14.378,9549000,0.2985,2.12
2021-11-02,14.4164,14.6615,14.3684,14.6471,12287175,0.2691,1.8717
2021-11-03,14.5894,14.8441,14.5221,14.6855,8440237,0.0381,0.26
2021-11-04,14.6375,14.7624,14.551,14.6759,8520286,-0.0103,-0.07
2021-11-05,14.7432,14.9162,14.7336,14.8585,8812410,0.1826,1.2443
2021-11-08,14.897,15.0411,14.8105,14.8393,6074456,-0.0193,-0.13
2021-11-09,14.8009,14.9931,14.772,14.9258,4894272,0.0861,0.58
2021-11-10,14.9258,15.291,14.8874,15.1084,9485727,0.1821,1.22
2021-11-11,15.1661,15.3295,15.118,15.3199,4824677,0.2115,1.4
2021-11-12,14.6855,14.7528,14.0032,14.0704,19128794,-1.2502,-8.16
2021-11-15,14.0512,14.1906,13.8542,14.1281,10511468,0.0577,0.4098
2021-11-16,14.1569,14.2386,13.9743,14.0128,7699998,-0.1153,-0.8163
2021-11-17,14.0032,14.1329,13.8782,13.9839,7534195,-0.0288,-0.2058
2021-11-18,13.9839,14.0752,13.7533,14.0416,6270321,0.0573,0.41
2021-11-19,13.9839,14.0224,13.7773,13.8302,7240185,-0.212,-1.51
2021-11-22,13.9263,14.3972,13.8782,14.1954,10327475,0.3651,2.64
2021-11-23,14.1473,14.2578,14.0649,14.2338,9199285,0.0384,0.2708
2021-11-24,14.2915,14.4549,14.2242,14.2819,10158314,0.0484,0.34
2021-11-26,13.8782,13.9703,13.6764,13.8686,6651843,-0.4127,-2.89
2021-11-29,13.9839,14.1377,13.7725,14.0416,12343495,0.1734,1.25
2021-11-30,14.0128,14.0704,13.561,13.7917,24940967,-0.2499,-1.78
2021-12-01,13.4842,13.9935,13.3208,13.6572,22223501,-0.1352,-0.98
2021-12-02,13.734,14.527,13.6668,14.4068,14524872,0.7498,5.49
2021-12-03,14.5318,15.0315,14.3203,14.5798,19438781,0.1729,1.2
2021-12-06,14.7624,14.9354,14.5173,14.5318,12473734,-0.0481,-0.33
2021-12-07,14.7048,15.0027,14.5029,14.8681,14903132,0.3357,2.31
2021-12-08,14.945,15.1853,14.8681,14.9739,11366835,0.1056,0.71
2021-12-09,14.9351,15.0271,14.8189,14.8964,8568962,-0.0779,-0.52
2021-12-10,15.061,15.1191,14.6446,14.7317,9774344,-0.1654,-1.11
2021-12-13,14.693,14.7511,14.1506,14.3249,10867647,-0.4066,-2.76
2021-12-14,14.1603,14.4702,14.0925,14.1118,13978367,-0.2134,-1.49
2021-12-15,14.1796,14.354,14.044,14.3249,10934675,0.2131,1.51
2021-12-16,14.4702,14.7075,14.3249,14.4799,11932543,0.1547,1.08
2021-12-17,14.4896,14.6785,14.3346,14.6058,17967482,0.126,0.87
2021-12-20,14.4315,14.4896,14.1361,14.383,11378502,-0.2235,-1.53
2021-12-21,14.5138,14.94,14.5138,14.9351,9422211,0.5523,3.84
2021-12-22,14.9351,15.0707,14.7995,15.061,6693805,0.1259,0.8431
2021-12-23,15.1385,15.3758,15.0804,15.2644,6735670,0.2033,1.35
2021-12-27,15.2547,15.4678,15.2063,15.4194,4456365,0.155,1.0152
2021-12-28,15.4,15.5405,15.3516,15.4678,6011828,0.0478,0.31
2021-12-29,15.4678,15.7051,15.4388,15.5647,5867295,0.0974,0.63
2021-12-30,15.5163,15.6712,15.3613,15.3903,6608209,-0.1743,-1.12
2021-12-31,15.4,15.502,15.2547,15.2741,4315896,-0.117,-0.76
2022-01-03,15.3903,15.7245,15.3903,15.6325,8569087,0.3584,2.3462
2022-01-04,15.8165,16.4315,15.8165,16.3008,16823599,0.669,4.28
2022-01-05,16.3202,16.8015,16.3105,16.3589,10922696,0.0581,0.3565
2022-01-06,16.5623,16.6107,16.2427,16.4364,8571902,0.0775,0.4737
2022-01-07,16.4461,16.6979,16.4461,16.5913,10482700,0.1545,0.94
2022-01-10,16.6591,16.7899,16.2136,16.4654,15250042,-0.1261,-0.76
2022-01-11,16.5817,16.5817,16.262,16.5042,16455764,0.0395,0.24
2022-01-12,16.601,16.7608,16.4267,16.6107,7975747,0.1065,0.6455
2022-01-13,16.7076,17.0417,16.5332,16.94,9726860,0.3293,1.9825
2022-01-14,16.8238,17.0466,16.6301,17.0078,8547172,0.0678,0.4002
2022-01-18,16.9594,17.0466,16.6543,16.7754,10283232,-0.233,-1.37
2022-01-19,16.756,16.8335,16.1894,16.2136,11762012,-0.5618,-3.3487
2022-01-20,16.3153,16.4945,15.9908,16.1458,18906183,-0.0678,-0.4182
2022-01-21,16.1555,16.1652,15.6034,15.6325,10121405,-0.5134,-3.18
2022-01-24,15.3468,15.6228,14.9642,15.5937,11759661,-0.0391,-0.25
2022-01-25,15.4194,15.4872,14.9157,15.3903,11657122,-0.2027,-1.3
2022-01-26,15.5647,15.6422,15.1288,15.3419,10817132,-0.0477,-0.31
2022-01-27,15.5066,15.8068,15.1288,15.3129,12858998,-0.0291,-0.19
2022-01-28,15.2257,15.6325,15.1821,15.6228,11142127,0.3093,2.02
2022-01-31,15.584,15.8746,15.3825,15.8165,16818390,0.1937,1.24
2022-02-01,15.8456,16.3298,15.7778,16.2814,10422539,0.465,2.94
2022-02-02,16.2088,16.5429,16.1749,16.4945,8890019,0.2133,1.31
2022-02-03,16.4267,16.6107,16.3008,16.3202,7035118,-0.1748,-1.06
2022-02-04,16.2814,16.4751,16.1071,16.3105,6702530,-0.0098,-0.06
2022-02-07,16.4654,16.5139,16.262,16.3976,6955365,0.0864,0.53
2022-02-08,16.5623,16.6107,16.3879,16.5623,6457552,0.164,1.0
2022-02-09,16.6495,16.7754,16.5623,16.756,8012170,0.1938,1.17
2022-02-10,16.6591,17.2015,16.6204,16.8044,9410321,0.0486,0.29
2022-02-11,16.8044,17.032,16.5429,16.6591,8804607,-0.1445,-0.86
2022-02-14,16.7269,16.756,16.1942,16.3395,9019392,-0.3199,-1.92
2022-02-15,16.4751,16.9207,16.4267,16.8335,7447103,0.4935,3.02
2022-02-16,16.7463,17.1628,16.7269,17.0853,8063367,0.2518,1.496
2022-02-17,16.8916,16.9885,16.6495,16.6979,8985772,-0.3874,-2.2676
2022-02-18,16.6979,16.9594,16.6204,16.7851,9651986,0.0868,0.52
2022-02-22,16.6398,16.8722,16.233,16.4073,11734227,-0.3777,-2.2504
2022-02-23,16.5332,16.572,16.0199,16.0974,7846215,-0.3099,-1.889
2022-02-24,15.6325,15.7778,15.2547,15.739,11558388,-0.359,-2.23
2022-02-25,15.5163,15.6518,14.9739,15.5163,18758649,-0.2235,-1.42
2022-02-28,15.2547,15.4775,15.0901,15.4194,18104453,-0.0962,-0.62
2022-03-01,15.4388,15.5453,14.785,14.9254,14194368,-0.4934,-3.2
2022-03-02,15.71,16.6398,15.6422,16.4557,20561038,1.5299,10.25
2022-03-03,16.4751,16.4848,16.0683,16.2233,16233123,-0.232,-1.41
2022-03-04,15.8359,15.9327,15.5937,15.9037,10468318,-0.3196,-1.97
2022-03-07,15.8843,15.9134,15.2354,15.2741,9691719,-0.6298,-3.96
2022-03-08,15.584,16.0538,15.5647,15.584,12353539,0.3101,2.03
2022-03-09,15.923,16.0562,15.7874,15.8552,12569672,0.2712,1.74
2022-03-10,15.6796,15.9772,15.5918,15.9626,10586363,0.1078,0.68
2022-03-11,16.0992,16.2846,15.987,16.148,11139400,0.1852,1.16
2022-03-14,16.226,16.3919,15.7723,15.9235,10739126,-0.2245,-1.39
2022-03-15,15.9235,16.2553,15.8113,16.1284,14246282,0.2054,1.29
2022-03-16,16.265,16.4407,16.0797,16.3529,11061527,0.2242,1.39
2022-03-17,16.0992,16.3919,15.8748,16.3138,10839555,-0.0392,-0.24
2022-03-18,16.1967,16.6846,16.0455,16.6261,25124896,0.3116,1.91
2022-03-21,16.7041,16.9139,16.4447,16.6358,9128354,0.01,0.06
2022-03-22,16.7822,16.8797,16.5724,16.7139,12037583,0.0781,0.4692
2022-03-23,16.6358,16.7822,16.548,16.5578,7361411,-0.1554,-0.93
2022-03-24,16.6456,16.7334,16.5187,16.6358,13534333,0.0778,0.47
2022-03-25,16.7334,17.1432,16.6944,17.1139,11028947,0.4775,2.87
2022-03-28,16.9773,17.0261,16.6748,16.9578,6572580,-0.1557,-0.91
2022-03-29,17.1529,17.2261,16.9578,17.1334,6015505,0.1764,1.04
2022-03-30,17.0749,17.1871,16.7822,16.8602,4783913,-0.2724,-1.59
2022-03-31,16.6358,16.7431,16.2846,16.3041,10402907,-0.5564,-3.3
2022-04-01,16.4699,16.4699,15.6699,15.8943,8138793,-0.4092,-2.51
2022-04-04,15.865,15.9821,15.5918,15.9235,10027431,0.0286,0.18
2022-04-05,15.7772,15.9333,15.3576,15.4162,8198473,-0.508,-3.19
2022-04-06,15.3186,15.3625,15.0942,15.1918,9878118,-0.2251,-1.46
2022-04-07,15.6016,15.6991,15.2259,15.6113,14207808,0.4193,2.76
2022-04-08,15.6308,15.8992,15.4552,15.7089,8942154,0.0983,0.63
2022-04-11,15.6308,15.826,15.4162,15.4259,6340637,-0.2828,-1.8
2022-04-12,15.1137,15.465,14.9478,15.0357,10502122,-0.3903,-2.53
2022-04-13,15.0649,15.1771,14.943,15.1039,10134259,0.0677,0.45
2022-04-14,15.143,15.2405,14.9703,15.0064,7197432,-0.0982,-0.65
2022-04-18,15.0649,15.3674,15.0259,15.3284,8378806,0.3226,2.15
2022-04-19,15.5235,15.7723,15.4357,15.7186,8929590,0.3909,2.55
2022-04-20,15.8162,16.2553,15.8162,16.1187,9380705,0.4008,2.55
2022-04-21,16.2163,16.3333,15.8748,15.9235,9459533,-0.195,-1.21
2022-04-22,15.8552,15.8552,15.3479,15.3674,7175623,-0.5561,-3.4926
2022-04-25,15.2015,15.2503,14.854,15.2113,8561783,-0.1568,-1.02
2022-04-26,15.0942,15.221,14.8795,14.8991,6585998,-0.3118,-2.05
2022-04-27,14.8893,15.1039,14.6844,15.0064,10787358,0.1073,0.72
2022-04-28,15.2796,15.4357,15.1527,15.3186,10054785,0.3121,2.08
2022-04-29,15.2698,15.5479,15.0161,15.0357,10580959,-0.2834,-1.85
2022-05-02,15.0308,15.182,14.6259,15.0064,7912168,-0.0286,-0.19
2022-05-03,15.0454,15.2942,14.982,15.1137,7605507,0.108,0.72
2022-05-04,15.182,15.7186,15.1332,15.6991,9560001,0.5849,3.87
2022-05-05,15.5528,15.743,15.3723,15.5625,16828661,-0.1366,-0.87
2022-05-06,15.5235,15.5625,15.1918,15.3088,11665780,-0.2537,-1.63
2022-05-09,15.1039,15.6016,15.0844,15.4552,17107134,0.147,0.96
2022-05-10,15.6113,16.0404,15.4942,15.826,20076876,0.3709,2.4
2022-05-11,15.8162,16.0309,15.182,15.2015,8743802,-0.6252,-3.95
2022-05-12,15.1918,15.2942,14.9129,15.2405,13933105,0.039,0.2567
2022-05-13,15.3771,15.6406,15.2796,15.5625,7308379,0.322,2.1127
2022-05-16,15.465,15.6845,15.3674,15.582,6482623,0.0195,0.1254
2022-05-17,15.8552,16.3919,15.8065,16.3431,10950342,0.7604,4.88
2022-05-18,16.148,16.226,15.2698,15.3771,13338873,-0.9659,-5.91
2022-05-19,14.9966,15.0113,14.2161,14.6746,21103016,-0.7027,-4.57
2022-05-20,14.4405,14.4405,13.2055,13.816,24256040,-0.8586,-5.8511
2022-05-23,13.855,14.2161,13.8161,14.1575,11306943,0.3413,2.47
2022-05-24,14.0112,14.2648,13.6697,14.2063,13173431,0.0481,0.34
2022-05-25,14.0404,14.6746,14.0404,14.5478,10757049,0.3415,2.4038
2022-05-26,14.5966,14.8015,14.5185,14.7234,12225583,0.176,1.21
2022-05-27,15.2308,15.5918,15.1674,15.4064,11996275,0.6832,4.64
2022-05-31,15.2893,15.4552,15.0113,15.221,19470603,-0.1849,-1.2
2022-06-01,15.4259,15.6406,15.2064,15.3967,12804583,0.175,1.15
2022-06-02,14.4697,14.6502,13.8843,14.5966,23225641,-0.8007,-5.2
2022-06-03,14.4307,14.8112,14.3966,14.7137,9442477,0.1168,0.8
2022-06-06,14.8795,15.0503,14.7234,14.8503,9342418,0.1368,0.93
2022-06-07,14.7039,15.0161,14.499,14.9674,9358704,0.1173,0.79
2022-06-08,14.9186,14.9186,14.6063,14.6063,6807982,-0.3607,-2.41
2022-06-09,14.5478,14.6844,14.2941,14.3234,6899036,-0.2834,-1.94
2022-06-10,14.1463,14.2644,13.925,13.9987,8798913,-0.3246,-2.2665
2022-06-13,13.6544,13.7872,13.4183,13.4774,12877115,-0.5207,-3.72
2022-06-14,13.438,13.6249,13.3347,13.4478,10104935,-0.0297,-0.22
2022-06-15,13.5364,14.0283,13.4823,13.8413,13743281,0.394,2.93
2022-06-16,13.5069,13.5363,13.0199,13.133,11242229,-0.7087,-5.12
2022-06-17,13.2117,13.3691,12.9607,13.2019,18452914,0.0689,0.5243
2022-06-21,13.6348,13.7922,13.5069,13.6741,10028960,0.4726,3.58
2022-06-22,13.438,13.6397,13.4036,13.5069,8189746,-0.1668,-1.22
2022-06-23,13.5265,13.6348,13.197,13.3987,8189086,-0.1081,-0.8
2022-06-24,13.5167,13.9102,13.4282,13.8315,12053585,0.4328,3.23
2022-06-27,13.9299,14.0135,13.7922,13.9004,6200793,0.0692,0.5
2022-06-28,13.9692,14.0529,13.5157,13.5265,9494284,-0.3739,-2.69
2022-06-29,13.5954,13.5954,13.0937,13.1429,8272782,-0.3842,-2.84
2022-06-30,12.9265,13.133,12.8478,13.0445,13551459,-0.0986,-0.75
2022-07-01,13.0052,13.0838,12.5231,12.7494,12884705,-0.2948,-2.26
2022-07-05,12.4936,12.6313,12.1985,12.6215,13734780,-0.1275,-1.0
2022-07-06,12.5723,12.6756,12.3559,12.5625,10532685,-0.0593,-0.47
2022-07-07,12.8281,12.9658,12.7395,12.8281,11056643,0.2651,2.11
2022-07-08,12.8871,13.0839,12.7494,12.9756,8138567,0.1476,1.1503
2022-07-11,12.7986,12.9806,12.7887,12.8478,7598297,-0.1285,-0.99
2022-07-12,12.9265,13.1822,12.8084,12.9068,10452214,0.0591,0.46
2022-07-13,12.7002,12.8625,12.6264,12.7887,7631118,-0.1174,-0.91
2022-07-14,12.5428,12.8478,12.4631,12.7986,8154822,0.0102,0.08
2022-07-15,12.956,13.0642,12.7543,13.0543,7955798,0.256,2.0
2022-07-18,13.1626,13.256,12.9166,12.9461,6544685,-0.1082,-0.8289
2022-07-19,13.1232,13.5659,13.0986,13.5561,7146235,0.6098,4.71
2022-07-20,13.5265,13.8266,13.4626,13.6839,8719202,0.1274,0.94
2022-07-21,13.5954,13.8413,13.5069,13.8315,8386330,0.1478,1.08
2022-07-22,13.7528,13.8413,13.4626,13.5462,8985359,-0.2849,-2.06
2022-07-25,13.6643,13.6987,13.4981,13.6544,9531884,0.1084,0.8
2022-07-26,13.6446,13.8315,13.5167,13.5561,6587290,-0.0983,-0.72
2022-07-27,13.6052,13.8266,13.497,13.7626,8790673,0.2061,1.52
2022-07-28,13.743,13.9299,13.6495,13.8512,6780705,0.0881,0.64
2022-07-29,13.8709,14.0971,13.7626,14.0086,9064686,0.1579,1.14
2022-08-01,13.8807,14.2053,13.8709,14.1857,7503598,0.1765,1.26
2022-08-02,14.0774,14.1414,13.8709,13.9397,6823862,-0.2454,-1.73
2022-08-03,14.0086,14.1561,13.861,14.0381,7380020,0.099,0.71
2022-08-04,13.9987,14.0824,13.925,14.0578,7153678,0.0197,0.14
2022-08-05,13.8905,14.2053,13.8315,14.1266,9264651,0.0689,0.49
2022-08-08,14.284,14.4021,14.0873,14.166,6772696,0.0396,0.28
2022-08-09,14.1168,14.1561,13.7233,13.861,10262901,-0.305,-2.1528
2022-08-10,14.0578,14.3431,14.0086,14.2742,9706004,0.4131,2.98
2022-08-11,14.4021,14.5988,14.3627,14.4316,8397905,0.157,1.1
2022-08-12,14.5103,14.6087,14.4808,14.5595,11828836,0.1284,0.89
2022-08-15,14.4414,14.6677,14.3873,14.6185,7899272,0.0597,0.41
2022-08-16,14.5988,14.8202,14.5919,14.707,8315573,0.0892,0.61
2022-08-17,14.6579,14.8153,14.53,14.6874,11520551,-0.0191,-0.13
2022-08-18,14.7759,14.953,14.7513,14.9235,10958200,0.2365,1.61
2022-08-19,14.7857,14.8448,14.5644,14.6185,11403215,-0.3044,-2.04
2022-08-22,14.4513,14.4513,14.1463,14.1758,10733701,-0.4429,-3.03
2022-08-23,14.2348,14.3922,14.166,14.1758,11379347,0.0,0.0
2022-08-24,14.166,14.2447,14.0086,14.1266,13000533,-0.0496,-0.35
2022-08-25,14.2644,14.6038,14.2644,14.589,9603062,0.462,3.27
2022-08-26,14.3922,14.4119,13.5167,13.5364,16798234,-1.0534,-7.22
2022-08-29,13.3987,13.7331,13.3249,13.497,13678820,-0.0393,-0.29
2022-08-30,13.5364,13.6151,13.3446,13.4282,12076979,-0.0688,-0.51
2022-08-31,13.4872,13.5807,13.3101,13.379,25985271,-0.0497,-0.37
2022-09-01,13.2806,13.315,12.9166,13.1527,16665094,-0.2261,-1.69
2022-09-02,13.3593,13.3987,12.9658,13.0248,16069515,-0.1276,-0.97
2022-09-06,13.0543,13.1321,12.8379,12.9363,14080936,-0.0886,-0.68
2022-09-07,12.8969,13.1134,12.8084,13.074,9867972,0.1371,1.06
2022-09-08,12.9658,13.1429,12.8674,13.1429,17411799,0.0693,0.53
2022-09-09,13.2223,13.3911,13.1925,13.3315,12016708,0.1892,1.44
2022-09-12,13.4705,13.7186,13.4407,13.6591,12058827,0.3279,2.46
2022-09-13,13.3613,13.4506,12.989,13.0833,12455790,-0.5764,-4.22
2022-09-14,13.123,13.1627,12.8352,12.9344,12622899,-0.1492,-1.14
2022-09-15,12.9344,13.1925,12.8649,12.9741,12627222,0.0401,0.31
2022-09-16,12.8153,13.0238,12.7111,12.9642,16887154,-0.0104,-0.08
2022-09-19,12.7955,13.0138,12.726,12.8848,7887392,-0.0794,-0.6126
2022-09-20,12.7557,12.7657,12.5771,12.6664,7748286,-0.2177,-1.69
2022-09-21,12.7657,12.8848,12.4877,12.5076,8679589,-0.1583,-1.25
2022-09-22,12.5076,12.5274,12.2495,12.309,12333289,-0.1989,-1.59
2022-09-23,12.1403,12.18,11.8127,12.0708,13636150,-0.2388,-1.94
2022-09-26,11.9914,12.1502,11.8375,11.9219,14779613,-0.1485,-1.23
2022-09-27,12.0807,12.1403,11.8425,11.9517,14029300,0.0298,0.2498
2022-09-28,11.9219,12.2396,11.906,12.1899,14349115,0.2378,1.99
2022-09-29,12.0907,12.0907,11.8822,12.0311,17697653,-0.1585,-1.3
2022-09-30,12.0311,12.2296,11.8822,11.8921,13870513,-0.1396,-1.16
2022-10-03,12.0807,12.3785,11.9318,12.2793,14231869,0.3877,3.26
2022-10-04,12.4877,12.7557,12.4679,12.7557,11791319,0.4764,3.88
2022-10-05,12.5671,12.9195,12.4877,12.855,11658673,0.0995,0.78
2022-10-06,12.7756,12.8947,12.726,12.8153,12361223,-0.0399,-0.31
2022-10-07,12.5671,12.6366,12.2892,12.3686,12885403,-0.4473,-3.49
2022-10-10,12.4579,12.4778,12.051,12.2098,11474328,-0.1583,-1.28
2022-10-11,12.1403,12.309,12.0162,12.1204,18397159,-0.0891,-0.73
2022-10-12,12.1502,12.4282,12.051,12.2594,14517845,0.1394,1.15
2022-10-13,12.0907,12.8352,11.9765,12.7359,18163194,0.4769,3.89
2022-10-14,12.8352,12.8352,12.4828,12.4977,16266522,-0.2382,-1.87
2022-10-17,12.8054,12.9146,12.5374,12.6863,19641172,0.1887,1.51
2022-10-18,12.8451,12.9741,12.6118,12.7756,14721831,0.0888,0.7
2022-10-19,12.7557,12.9444,12.6168,12.726,12362657,-0.0496,-0.3885
2022-10-20,12.6763,13.1032,12.6466,12.716,17132388,-0.0102,-0.08
2022-10-21,12.7657,13.3886,12.716,13.3712,20455923,0.6549,5.15
2022-10-24,13.4308,13.6094,13.3116,13.5598,17275208,0.1885,1.41
2022-10-25,13.5002,13.8278,13.4208,13.7484,16719931,0.1885,1.39
2022-10-26,13.6789,14.0561,13.6541,13.8775,14151640,0.1292,0.94
2022-10-27,13.9668,14.1455,13.9271,13.9668,15153051,0.0888,0.64
2022-10-28,14.0561,14.3639,14.0561,14.2844,12289195,0.3171,2.27
2022-10-31,14.1852,14.2844,14.0859,14.1653,13517027,-0.1186,-0.83
2022-11-01,14.2944,14.344,14.1356,14.2547,15357775,0.0892,0.63
2022-11-02,14.1852,14.344,13.8973,13.8973,14840864,-0.3574,-2.507
2022-11-03,13.6988,13.7782,13.4705,13.6988,11064068,-0.1987,-1.43
2022-11-04,13.9966,14.205,13.8328,14.1455,12930116,0.4467,3.2609
2022-11-07,14.1455,14.3837,14.076,14.3242,11777006,0.1782,1.26
2022-11-08,14.4532,14.5475,14.2001,14.3142,11080913,-0.01,-0.07
2022-11-09,14.1753,14.2944,14.0264,14.0462,11909159,-0.2677,-1.87
2022-11-10,14.5822,14.7709,14.4284,14.7609,13869858,0.7149,5.09
2022-11-11,14.8602,15.2275,14.7907,15.1778,13755954,0.4163,2.82
2022-11-14,15.0786,15.4856,15.019,15.2076,11924875,0.0304,0.2
2022-11-15,15.4161,15.5253,15.2176,15.3962,14101164,0.1886,1.2402
2022-11-16,15.3069,15.3962,15.0091,15.1183,15051128,-0.2787,-1.81
2022-11-17,14.8999,15.4359,14.8304,15.426,14944812,0.3084,2.04
2022-11-18,15.5253,15.6841,15.3863,15.6543,14069040,0.2283,1.48
2022-11-21,15.4756,15.5054,15.3069,15.4359,14910884,-0.2192,-1.4
2022-11-22,15.4558,15.6399,15.3516,15.5154,16074784,0.0787,0.51
2022-11-23,15.4955,15.7238,15.4558,15.6841,11307233,0.1691,1.09
2022-11-25,15.6841,15.8727,15.6146,15.7139,5567625,0.0298,0.19
2022-11-28,15.5848,15.6444,15.3813,15.4359,13433493,-0.2781,-1.77
2022-11-29,15.5054,15.5848,15.3367,15.3466,14778686,-0.0895,-0.58
2022-11-30,15.6444,16.7363,15.4359,16.6569,35362281,1.3106,8.54
2022-12-01,16.2698,16.8058,16.1209,16.6966,17179439,0.0397,0.2384
2022-12-02,16.4981,16.7115,16.4088,16.5676,13167115,-0.1286,-0.77
2022-12-05,16.4683,16.5279,16.0018,16.0911,12746467,-0.4772,-2.88
2022-12-06,16.111,16.2003,16.0018,16.1507,14153488,0.0595,0.37
2022-12-07,16.0117,16.0117,15.7685,15.9422,14176655,-0.2083,-1.29
2022-12-08,16.0712,16.235,16.0415,16.1705,9297638,0.228,1.43
2022-12-09,16.1804,16.2698,16.0216,16.0315,10018197,-0.1391,-0.86
2022-12-12,15.9025,16.2797,15.8826,16.24,11246487,0.2084,1.3
2022-12-13,16.34,16.495,16.08,16.25,18008000,0.01,0.06
2022-12-14,16.1,16.42,16.03,16.2,14978284,-0.05,-0.31
2022-12-15,15.96,16.03,15.655,15.76,16562914,-0.44,-2.72
2022-12-16,15.545,15.74,15.435,15.64,31670596,-0.12,-0.76
2022-12-19,15.7,15.77,15.375,15.48,9138570,-0.16,-1.023
2022-12-20,15.51,15.68,15.47,15.66,13188275,0.18,1.16
2022-12-21,15.77,15.955,15.74,15.78,14255245,0.12,0.77
2022-12-22,15.65,15.72,15.44,15.71,13616927,-0.07,-0.44
2022-12-23,15.72,15.775,15.49,15.75,8328848,0.04,0.25
2022-12-27,15.81,15.935,15.745,15.88,6066785,0.13,0.83
2022-12-28,15.9,15.94,15.56,15.57,6480172,-0.31,-1.95
2022-12-29,15.67,16.03,15.67,15.92,8469092,0.35,2.25
2022-12-30,15.82,15.96,15.76,15.96,9396493,0.04,0.25
2023-01-03,16.09,16.14,15.83,16.06,18233897,0.1,0.63
2023-01-04,16.15,16.525,16.12,16.42,15865604,0.36,2.24
2023-01-05,16.29,16.495,16.185,16.45,13099552,0.03,0.18
2023-01-06,16.68,17.21,16.67,17.11,15242470,0.66,4.01
2023-01-09,17.1,17.25,16.89,16.96,19294712,-0.15,-0.88
2023-01-10,16.8,17.14,16.685,17.06,16777772,0.1,0.59
2023-01-11,16.99,17.05,16.78,16.91,16002828,-0.15,-0.88
2023-01-12,16.61,16.72,16.31,16.32,22445828,-0.59,-3.49
2023-01-13,16.17,16.465,16.12,16.45,12392123,0.13,0.8
2023-01-17,16.4,16.45,16.045,16.25,14189517,-0.2,-1.22
2023-01-18,16.25,16.35,16.07,16.08,13629434,-0.17,-1.05
2023-01-19,15.94,15.97,15.74,15.81,12533380,-0.27,-1.68
2023-01-20,15.84,15.96,15.64,15.95,12713683,0.14,0.89
2023-01-23,16.03,16.29,15.992,16.17,10009639,0.22,1.38
2023-01-24,16.03,16.265,15.93,16.17,9550901,0.0,0.0
2023-01-25,16.03,16.17,15.775,16.13,10570711,-0.04,-0.25
2023-01-26,16.25,16.29,15.99,16.22,11148760,0.09,0.56
2023-01-27,16.18,16.29,16.1,16.14,9423182,-0.08,-0.49
2023-01-30,15.99,16.18,15.9349,16.01,10476482,-0.13,-0.81
2023-01-31,16.01,16.15,15.9,16.13,24130434,0.12,0.75
2023-02-01,16.12,16.18,15.91,16.11,18695055,-0.02,-0.12
2023-02-02,16.2,16.5165,16.18,16.41,13329451,0.3,1.86
2023-02-03,16.25,16.54,16.24,16.33,9682039,-0.08,-0.49
2023-02-06,16.27,16.28,16.035,16.11,24139311,-0.22,-1.3472
2023-02-07,16.12,16.3,15.99,16.23,17657538,0.12,0.74
2023-02-08,16.09,16.1,15.8935,16.01,18148928,-0.22,-1.3555
2023-02-09,16.2,16.295,16.15,16.24,18403605,0.23,1.44
2023-02-10,16.25,16.485,16.1803,16.44,14023383,0.2,1.23
2023-02-13,16.41,16.7,16.39,16.66,9301934,0.22,1.34
2023-02-14,16.66,16.73,16.48,16.54,8792639,-0.12,-0.72
2023-02-15,16.44,16.6,16.39,16.57,7088381,0.03,0.1814
2023-02-16,16.46,16.586,16.28,16.46,10146582,-0.11,-0.66
2023-02-17,16.4,16.45,16.295,16.36,7933206,-0.1,-0.61
2023-02-21,16.28,16.28,15.98,15.98,8755881,-0.38,-2.32
2023-02-22,15.975,16.04,15.65,15.75,8902676,-0.23,-1.44
2023-02-23,15.87,15.9,15.535,15.74,10233768,-0.01,-0.06
2023-02-24,15.52,15.67,15.455,15.6,9897067,-0.14,-0.89
