日期,开盘价,最高价,最低价,收盘价,成交量(股),涨跌额,涨跌幅(%)
2010-05-14,40.0,41.5,38.0,39.4,1097034,0.0,0.0
2010-05-17,39.69,39.69,32.5,35.3,90997,-358.6732,-91.04
2010-05-18,35.9,36.6,32.5,33.0,54420,-2.3017,-6.52
2010-05-19,34.9,34.9,31.6,31.8,101770,-1.2012,-3.64
2010-05-20,31.8,31.8,29.5,29.5,131497,-2.2991,-7.23
2010-05-21,29.0,33.0,29.0,32.0,31392,2.4988,8.47
2010-05-24,32.9,32.9,29.2,29.2,33135,-2.8,-8.75
2010-05-25,31.3,31.3,29.2,29.6,26093,0.4,1.37
2010-05-26,32.1,34.49,29.9,30.4,18400,0.7992,2.7
2010-05-27,32.1,33.29,29.4,30.0,21905,-0.4013,-1.32
2010-05-28,29.1,33.0,29.1,31.1,34447,1.101,3.67
2010-06-01,31.9,31.9,29.5,30.0,8661,-1.101,-3.54
2010-06-02,30.0,30.4,27.9,29.4,28602,-0.6,-2.0
2010-06-03,29.5,30.0,28.6,29.6,11537,0.1999,0.68
2010-06-04,30.0,30.5,27.5,27.5,7350,-2.0985,-7.09
2010-06-07,30.4,30.4,27.7,27.7,11104,0.2007,0.73
2010-06-08,27.45,27.5,25.3,26.6,14478,-1.0997,-3.97
2010-06-09,25.3,25.63,24.6,24.6,21760,-2.0003,-7.52
2010-06-10,24.2,27.89,24.2,26.0,24781,1.3998,5.69
2010-06-11,27.4,27.4,26.0,26.5,8636,0.4992,1.92
2010-06-14,27.5,27.5,25.0,25.7,11613,-0.8003,-3.02
2010-06-15,27.49,29.9,27.4,28.2,46788,2.5006,9.73
2010-06-16,28.7,29.2,26.2,28.0,18300,-0.2002,-0.71
2010-06-17,27.9,27.9,26.4,26.4,6896,-1.5987,-5.71
2010-06-18,26.9,29.7,26.5,29.4,21800,2.9991,11.36
2010-06-21,28.1,28.7,27.0,28.6,16070,-0.7997,-2.72
2010-06-22,28.0,28.0,27.4,27.7,4090,-0.9009,-3.15
2010-06-23,28.4,28.4,27.6,28.1,1500,0.3989,1.44
2010-06-24,30.4,35.1,27.0,28.0,310023,-0.1012,-0.36
2010-06-25,28.05,28.9,27.8,27.8,25920,-0.1988,-0.71
2010-06-28,28.0,28.01,27.2,27.49,26171,-0.3001,-1.08
2010-06-29,27.1,27.6,26.0,26.2,11347,-1.3008,-4.73
2010-06-30,26.1,28.55,25.0,25.6,16136,-0.6,-2.29
2010-07-01,25.8,27.8,22.31,24.2,38992,-1.4003,-5.47
2010-07-02,24.8,28.0,23.7,23.7,43285,-0.501,-2.07
2010-07-06,24.7,24.71,23.7,23.7,26499,0.0,0.0
2010-07-07,25.4,25.4,23.11,24.1,16141,0.4005,1.69
2010-07-08,24.5,25.5,24.1,25.0,19026,0.899,3.73
2010-07-09,24.1,27.0,24.0,26.3,12288,1.3,5.2
2010-07-12,26.0,26.37,26.0,26.0,2750,-0.2998,-1.14
2010-07-13,26.0,26.0,25.5,26.0,17350,0.0,0.0
2010-07-14,26.1,27.49,26.1,26.5,8376,0.4992,1.92
2010-07-15,27.2,27.2,25.8,25.8,9650,-0.6996,-2.64
2010-07-16,25.6,25.6,24.49,25.0,44216,-0.7998,-3.1
2010-07-19,24.7,25.9,24.7,24.8,4600,-0.2,-0.8
2010-07-20,24.5,25.0,24.5,24.9,6100,0.0992,0.4
2010-07-21,24.4,25.0,24.3,24.3,6650,-0.6001,-2.41
2010-07-22,24.5,25.49,23.5,23.5,87399,-0.7995,-3.29
2010-07-23,23.99,24.2,22.6,23.9,221800,0.3995,1.7
2010-07-26,24.3,25.0,24.19,24.5,48340,0.5999,2.51
2010-07-27,24.1,25.2,24.1,24.5,43360,0.0,0.0
2010-07-28,24.0,24.0,23.5,23.8,14200,-0.7007,-2.86
2010-07-29,24.49,25.2,23.8,24.4,33500,0.5998,2.52
2010-07-30,23.89,25.5,23.89,24.2,16902,-0.2001,-0.82
2010-08-02,24.2,25.6,24.2,25.6,8750,1.4011,5.79
2010-08-03,26.7,28.0,26.2,26.2,94724,0.5991,2.34
2010-08-04,26.3,26.9,26.1,26.2,18528,0.0,0.0
2010-08-05,26.2,26.5,25.6,25.6,24450,-0.6,-2.29
2010-08-06,25.6,26.5,25.2,25.2,26655,-0.3993,-1.56
2010-08-09,25.1,25.4,24.69,24.8,13800,-0.4007,-1.59
2010-08-10,24.2,26.2,24.1,24.2,24500,-0.6002,-2.42
2010-08-11,24.34,24.34,23.7,23.7,7600,-0.501,-2.07
2010-08-12,23.7,23.7,21.6,22.1,114534,-1.5997,-6.75
2010-08-13,22.4,24.59,22.4,22.6,108842,0.4995,2.26
2010-08-16,22.9,24.9,22.9,24.1,71742,1.5006,6.64
2010-08-17,24.1,24.5,24.1,24.2,5900,0.0988,0.41
2010-08-18,24.5,25.0,23.7,24.2,10270,0.0,0.0
2010-08-19,23.7,24.2,23.12,23.8,275100,-0.3993,-1.65
2010-08-20,23.3,25.0,23.3,23.5,16012,-0.2999,-1.26
2010-08-23,23.0,23.23,22.4,22.4,24100,-1.0998,-4.68
2010-08-24,22.4,22.6,22.1,22.5,79750,0.1008,0.45
2010-08-25,22.5,23.5,22.2,22.9,12221,0.4005,1.78
2010-08-26,22.6,23.29,21.99,22.0,36010,-0.9,-3.93
2010-08-27,22.0,22.5,21.5,21.7,114469,-0.2992,-1.36
2010-08-30,22.0,22.0,21.49,21.6,10309,-0.0998,-0.46
2010-08-31,22.4,22.66,22.0,22.5,38686,0.9007,4.17
2010-09-01,22.5,22.5,21.8,22.0,17955,-0.4995,-2.22
2010-09-02,22.0,23.0,21.99,22.5,36757,0.4994,2.27
2010-09-03,23.49,23.5,23.0,23.5,7390,0.999,4.44
2010-09-07,23.0,23.89,22.8,23.89,7228,0.3993,1.7
2010-09-08,23.0,23.0,22.45,22.5,7600,-1.4006,-5.86
2010-09-09,23.0,24.6,23.0,24.2,299458,1.7009,7.56
2010-09-10,24.5,24.6,24.0,24.0,36449,-0.2009,-0.83
2010-09-13,23.8,23.8,22.9,22.9,62540,-1.0992,-4.58
2010-09-14,23.7,24.0,22.6,23.2,54400,0.3,1.31
2010-09-15,24.0,24.0,23.5,23.5,990,0.2993,1.29
2010-09-16,23.2,23.5,22.5,23.14,13700,-0.4002,-1.7
2010-09-17,22.3,23.1,21.5,23.1,437640,0.0,0.0
2010-09-20,23.4,23.4,22.0,22.8,16615,-0.3003,-1.3
2010-09-21,23.0,24.88,23.0,24.1,91716,1.2996,5.7
2010-09-22,23.3,23.3,23.0,23.1,23850,-1.0002,-4.15
2010-09-23,23.3,24.23,23.1,23.1,35600,0.0,0.0
2010-09-24,24.09,24.09,23.1,23.5,6501,0.3996,1.73
2010-09-27,23.5,24.59,23.1,23.1,39620,-0.3995,-1.7
2010-09-28,23.1,23.5,23.0,23.1,15150,0.0,0.0
2010-09-29,23.1,23.5,23.1,23.5,1100,0.3996,1.73
2010-09-30,24.0,24.1,23.5,23.5,2600,0.0,0.0
2010-10-01,23.56,24.09,23.5,24.09,2000,0.599,2.55
2010-10-04,23.5,24.43,23.5,24.09,4466,0.0,0.0
2010-10-05,23.6,23.65,23.5,23.5,7500,-0.6001,-2.49
2010-10-06,24.1,25.4,24.1,25.3,64519,1.8001,7.66
2010-10-07,25.39,25.39,24.5,25.0,8800,-0.3011,-1.19
2010-10-08,25.0,27.39,24.4,27.2,66874,2.2,8.8
2010-10-11,28.0,31.3,27.5,30.1,264573,2.8996,10.66
2010-10-12,30.6,32.9,28.9,32.5,85248,2.399,7.97
2010-10-13,32.5,35.0,32.5,33.5,157739,1.001,3.08
2010-10-14,34.4,37.9,33.5,37.1,307400,3.6011,10.75
2010-10-15,39.4,39.7,37.3,38.0,148773,0.9015,2.43
2010-10-18,38.0,38.0,35.0,35.4,64454,-2.5991,-6.84
2010-10-19,35.0,35.0,31.7,32.0,92620,-3.3982,-9.6
2010-10-20,31.6,34.9,31.6,33.2,86227,1.2,3.75
2010-10-21,35.0,35.0,33.49,34.5,57350,1.3014,3.92
2010-10-22,34.6,35.4,33.1,33.9,19160,-0.6003,-1.74
2010-10-25,35.0,35.0,33.3,34.1,36555,0.2,0.59
2010-10-26,34.5,36.5,34.0,34.7,58383,0.6002,1.76
2010-10-27,33.85,33.85,33.3,33.3,7082,-1.3983,-4.03
2010-10-28,33.5,34.99,33.5,34.2,12225,0.8991,2.7
2010-10-29,34.3,34.3,33.3,33.3,6400,-0.8994,-2.63
2010-11-01,35.0,35.5,33.9,33.99,81697,0.6991,2.1
2010-11-02,33.3,34.7,33.0,33.5,43162,-0.4998,-1.47
2010-11-03,33.7,35.6,33.7,34.7,71816,1.1993,3.58
2010-11-04,33.7,34.29,32.5,32.5,110859,-2.2,-6.34
2010-11-05,33.0,35.0,33.0,33.0,82000,0.5005,1.54
2010-11-08,33.1,35.5,33.1,33.5,59610,0.5016,1.52
2010-11-09,33.8,34.5,33.0,33.39,79169,-0.1005,-0.3
2010-11-10,34.0,34.3,32.33,32.33,94290,-1.0998,-3.29
2010-11-11,34.4,34.4,33.3,33.5,100827,1.2015,3.72
2010-11-12,33.4,35.1,33.4,35.1,54369,1.6012,4.78
2010-11-15,35.5,39.4,35.5,36.2,96408,1.0987,3.13
2010-11-16,36.45,36.45,34.5,34.5,27670,-1.7015,-4.7
2010-11-17,36.7,38.95,35.0,35.4,110694,0.9004,2.61
2010-11-18,37.9,37.9,35.0,35.8,30212,0.4,1.13
2010-11-19,35.9,36.7,35.9,36.4,38487,0.6014,1.68
2010-11-22,36.0,36.46,35.5,35.5,34509,-0.8991,-2.47
2010-11-23,36.0,37.0,34.5,35.2,41130,-0.3018,-0.85
2010-11-24,36.6,36.69,34.6,36.0,178615,0.7991,2.27
2010-11-26,37.3,44.9,37.0,43.0,530650,6.9987,19.44
2010-11-29,44.3,46.8,42.1,44.7,466853,1.6986,3.95
2010-11-30,45.5,45.5,39.0,43.0,211408,-1.6985,-3.8
2010-12-01,44.5,44.5,40.2,41.86,132441,-1.0998,-2.56
2010-12-02,43.5,48.5,43.2,46.7,401609,4.8016,11.46
2010-12-03,46.5,49.5,45.0,46.4,252796,-0.2989,-0.64
2010-12-06,46.0,49.0,46.0,49.0,122201,2.5985,5.6
2010-12-07,51.8,54.7,49.0,50.5,333778,1.4994,3.06
2010-12-08,51.0,52.0,47.62,50.5,171562,0.0,0.0
2010-12-09,51.0,51.0,43.2,45.0,235658,-5.4994,-10.89
2010-12-10,44.8,45.4,43.8,45.2,85991,0.198,0.44
2010-12-13,45.1,45.1,41.5,42.4,131686,-2.7977,-6.19
2010-12-14,39.6,41.1,38.8,40.4,205602,-2.0013,-4.72
2010-12-15,40.2,40.2,37.0,37.8,144018,-2.6019,-6.44
2010-12-16,37.0,38.07,33.8,36.1,268925,-1.701,-4.5
2010-12-17,34.5,35.4,34.0,34.7,116389,-1.4007,-3.88
2010-12-20,34.1,37.3,34.1,36.4,116049,1.7003,4.9
2010-12-21,37.0,38.69,35.5,35.6,153857,-0.8008,-2.2
2010-12-22,35.9,35.9,33.1,34.4,69016,-1.1997,-3.37
2010-12-23,33.9,34.89,33.0,33.7,66419,-0.6983,-2.03
2010-12-27,33.8,33.9,30.3,31.3,130416,-2.3994,-7.12
2010-12-28,30.7,31.2,29.3,30.4,173629,-0.9015,-2.88
2010-12-29,31.0,34.9,30.4,34.9,90126,4.4993,14.8
2010-12-30,34.3,36.0,33.3,36.0,74779,1.0994,3.15
2010-12-31,35.5,35.5,33.5,34.0,38287,-2.0017,-5.56
2011-01-03,34.1,35.1,33.2,33.2,96437,-0.799,-2.35
2011-01-04,32.6,34.0,31.5,32.0,91384,-1.1985,-3.61
2011-01-05,31.9,33.4,31.3,31.6,90164,-0.4,-1.25
2011-01-06,32.2,32.2,29.2,30.8,128181,-0.7995,-2.53
2011-01-07,31.9,32.09,29.9,30.9,59662,0.0986,0.32
2011-01-10,30.9,32.97,30.9,32.8,47164,1.9003,6.15
2011-01-11,33.0,36.0,33.0,33.6,108937,0.8003,2.44
2011-01-12,33.4,35.9,31.3,32.2,87913,-1.4012,-4.17
2011-01-13,32.09,33.8,31.0,32.3,83078,0.0998,0.31
2011-01-14,32.1,32.1,31.5,31.7,51587,-0.6008,-1.86
2011-01-18,31.7,32.0,31.0,31.7,43212,0.0,0.0
2011-01-19,32.0,32.0,31.19,31.9,43773,0.1997,0.63
2011-01-20,32.8,38.9,32.8,35.7,548122,3.7994,11.91
2011-01-21,34.9,34.9,32.1,32.3,210462,-3.3985,-9.52
2011-01-24,31.9,32.6,30.9,31.0,85925,-1.2984,-4.02
2011-01-25,30.7,30.7,27.9,28.79,194062,-2.2003,-7.1
2011-01-26,28.9,31.3,28.8,31.0,86888,2.2003,7.64
2011-01-27,31.3,33.1,31.3,31.4,66309,0.3999,1.29
2011-01-28,31.3,31.8,28.1,29.1,99367,-2.2984,-7.32
2011-01-31,28.6,29.4,28.5,29.1,50084,0.0,0.0
2011-02-01,29.2,31.9,29.2,31.1,55638,1.9992,6.87
2011-02-02,30.2,30.9,29.99,30.4,15129,-0.6997,-2.25
2011-02-03,30.6,30.6,29.4,29.8,18549,-0.5989,-1.97
2011-02-04,29.73,30.39,29.7,30.1,11829,0.301,1.01
2011-02-07,29.8,30.1,29.3,29.7,43161,-0.4003,-1.33
2011-02-08,29.4,29.4,28.8,29.0,56735,-0.7009,-2.36
2011-02-09,29.0,29.0,28.29,28.4,47481,-0.6003,-2.07
2011-02-10,28.3,28.5,27.2,28.5,93359,0.0994,0.35
2011-02-11,28.3,28.4,27.3,27.9,59711,-0.6014,-2.11
2011-02-14,28.1,29.0,28.1,28.9,20391,0.9989,3.58
2011-02-15,28.6,28.7,28.1,28.6,27421,-0.3006,-1.04
2011-02-16,28.7,29.1,28.59,28.7,28652,0.1001,0.35
2011-02-17,28.8,28.8,28.1,28.2,42900,-0.4994,-1.74
2011-02-18,28.27,28.29,27.1,27.6,31051,-0.6007,-2.13
2011-02-22,27.35,27.35,25.3,26.4,91479,-1.2006,-4.35
2011-02-23,26.3,27.0,26.1,26.4,57794,0.0,0.0
2011-02-24,26.0,26.7,25.9,26.1,32400,-0.301,-1.14
2011-02-25,26.0,26.4,25.5,26.2,36058,0.0992,0.38
2011-02-28,25.6,26.2,24.6,25.9,129449,-0.3013,-1.15
2011-03-01,25.5,26.1,25.5,25.9,69719,0.0,0.0
2011-03-02,25.6,26.0,25.3,26.0,36202,0.101,0.39
2011-03-03,25.6,26.2,25.3,26.02,36146,0.0,0.0
2011-03-04,26.4,26.5,25.7,25.9,15875,-0.0988,-0.38
2011-03-07,25.6,26.1,25.1,25.2,32944,-0.6993,-2.7
2011-03-08,25.3,25.8,25.2,25.8,26551,0.5998,2.38
2011-03-09,25.6,25.7,25.0,25.0,32082,-0.7998,-3.1
2011-03-10,24.7,25.0,24.5,25.0,36796,0.0,0.0
2011-03-11,24.7,24.7,23.9,24.29,29464,-0.6997,-2.8
2011-03-14,23.0,23.2,22.1,23.0,60445,-1.3001,-5.35
2011-03-15,21.0,21.9,20.5,21.7,104032,-1.2995,-5.65
2011-03-16,21.7,22.2,21.7,21.9,22915,0.1996,0.92
2011-03-17,21.9,22.8,21.9,22.5,17966,0.6001,2.74
2011-03-18,22.0,22.0,21.31,21.8,11577,-0.6997,-3.11
2011-03-21,21.6,22.0,21.0,21.0,26146,-0.8001,-3.67
2011-03-22,21.0,21.59,20.5,20.8,14556,-0.1995,-0.95
2011-03-23,20.6,21.9,19.99,21.3,65383,0.4992,2.4
2011-03-24,21.7,21.8,21.5,21.8,9296,0.5005,2.35
2011-03-25,21.8,22.5,21.8,22.0,75643,0.2006,0.92
2011-03-28,21.8,22.2,21.7,21.7,26174,-0.2992,-1.36
2011-03-29,21.6,21.7,21.0,21.0,25655,-0.7009,-3.23
2011-03-30,21.0,21.4,20.9,20.9,32365,-0.1008,-0.48
2011-03-31,20.8,20.9,20.5,20.6,26200,-0.301,-1.44
2011-04-01,20.4,21.44,20.4,21.3,47591,0.7004,3.4
2011-04-04,21.4,21.5,21.0,21.0,41677,-0.3003,-1.41
2011-04-05,20.9,20.9,19.2,19.9,134151,-1.1004,-5.24
2011-04-06,20.0,22.3,20.0,20.5,99994,0.601,3.02
2011-04-07,20.6,21.0,20.4,21.0,20423,0.5002,2.44
2011-04-08,21.0,21.3,20.7,20.7,15625,-0.3003,-1.43
2011-04-11,20.7,20.7,19.3,19.9,79780,-0.799,-3.86
2011-04-12,19.7,20.3,19.7,20.0,29943,0.0995,0.5
2011-04-13,19.2,19.4,14.3,18.3,425860,-1.7,-8.5
2011-04-14,17.8,17.8,16.2,16.3,88333,-2.0002,-10.93
2011-04-15,16.2,18.0,16.2,17.0,92428,0.6993,4.29
2011-04-18,17.3,17.3,15.5,15.7,41778,-1.3005,-7.65
2011-04-19,15.9,15.9,14.7,14.9,70117,-0.8007,-5.1
2011-04-20,15.1,15.1,14.3,14.6,46349,-0.2995,-2.01
2011-04-21,14.4,15.5,14.4,15.4,24784,0.8001,5.48
2011-04-25,15.7,17.5,15.4,17.4,46256,2.0004,12.99
2011-04-26,18.1,19.2,17.6,17.9,154221,0.4994,2.87
2011-04-27,17.9,18.3,16.7,18.2,61201,0.3007,1.68
2011-04-28,18.0,18.0,16.6,17.9,112999,-0.3003,-1.65
2011-04-29,17.6,18.2,17.4,18.0,72834,0.1002,0.56
2011-05-02,18.0,18.4,17.6,18.1,44984,0.1008,0.56
2011-05-03,18.0,18.0,16.85,17.0,43845,-1.1005,-6.08
2011-05-04,16.9,17.8,16.31,17.8,49258,0.8007,4.71
2011-05-05,18.5,18.5,16.2,16.3,36169,-1.5006,-8.43
2011-05-06,16.3,16.7,15.99,16.1,12550,-0.2005,-1.23
2011-05-09,16.3,16.7,16.2,16.4,9875,0.2995,1.86
2011-05-10,16.5,16.8,16.5,16.8,4356,0.4002,2.44
2011-05-11,16.9,20.7,16.9,19.4,168583,2.6006,15.48
2011-05-12,20.2,22.5,19.3,19.7,134168,0.3007,1.55
2011-05-13,19.8,19.8,17.6,18.8,94034,-0.9003,-4.57
2011-05-16,19.3,19.3,16.8,17.4,80604,-1.4006,-7.45
2011-05-17,17.1,18.2,16.3,17.1,165968,-0.2993,-1.72
2011-05-18,17.0,17.0,15.6,15.6,39426,-1.4996,-8.77
2011-05-19,15.0,15.0,13.7,14.5,129167,-1.0998,-7.05
2011-05-20,14.3,19.3,13.3,14.2,192129,-0.3002,-2.07
2011-05-23,13.7,13.9,13.3,13.8,43400,-0.4005,-2.82
2011-05-24,13.4,13.4,9.7,11.0,278133,-2.8,-20.29
2011-05-25,10.1,10.2,9.8,9.9,174457,-1.1,-10.0
2011-05-26,9.9,10.8,9.4,9.99,136113,0.0999,1.01
2011-05-27,10.0,10.2,9.59,9.9,91981,-0.1,-1.0
2011-05-31,7.9,7.9,6.1,7.1,453564,-2.7996,-28.28
2011-06-01,6.9,7.4,6.6,7.1,103057,0.0,0.0
2011-06-02,7.18,7.18,7.0,7.05,41265,0.0,0.0
2011-06-03,7.1,8.05,6.4,7.5,119645,0.3997,5.63
2011-06-06,7.5,8.04,7.5,7.58,56250,0.0995,1.33
2011-06-07,7.7,7.7,7.29,7.4,37150,-0.1999,-2.63
2011-06-08,7.5,8.1,7.5,7.9,9696,0.5002,6.76
2011-06-09,8.1,8.24,8.0,8.0,34052,0.1003,1.27
2011-06-10,8.5,8.8,8.3,8.3,72048,0.3,3.75
2011-06-13,9.0,9.99,8.7,9.3,127628,1.0001,12.05
2011-06-14,9.27,9.3,9.0,9.0,43065,-0.3004,-3.23
2011-06-15,9.1,9.89,9.1,9.5,31474,0.5004,5.56
2011-06-16,10.0,10.8,9.8,9.9,67132,0.4,4.21
2011-06-17,9.9,10.4,9.9,9.9,96278,0.0,0.0
2011-06-20,9.4,10.6,9.3,10.3,55862,0.4,4.04
2011-06-21,10.0,10.2,9.9,9.9,12385,-0.3996,-3.88
2011-06-22,9.7,9.8,9.51,9.7,11620,-0.2,-2.02
2011-06-23,9.7,9.7,9.0,9.0,30240,-0.7004,-7.22
2011-06-24,9.18,9.39,9.1,9.1,11702,0.0999,1.11
2011-06-27,9.0,9.3,8.3,9.19,58550,0.1,1.1
2011-06-28,9.0,9.2,9.0,9.0,10770,-0.1996,-2.17
2011-06-29,9.0,9.39,9.0,9.09,15578,0.0998,1.11
2011-06-30,9.28,9.3,9.0,9.0,6400,-0.1001,-1.1
2011-07-01,9.01,10.8,9.0,10.8,51600,1.8,20.0
2011-07-05,10.4,10.8,10.0,10.3,31511,-0.5,-4.63
2011-07-06,10.2,10.2,10.0,10.1,11955,-0.1998,-1.94
2011-07-07,10.5,10.6,10.1,10.2,14345,0.1,0.99
2011-07-08,10.3,10.8,10.1,10.3,11731,0.1,0.98
2011-07-11,10.2,10.2,9.21,9.3,37850,-1.0001,-9.71
2011-07-12,9.15,10.42,9.1,10.2,70255,0.9002,9.68
2011-07-13,10.5,10.6,10.2,10.4,11000,0.1999,1.96
2011-07-14,10.0,11.7,10.0,11.1,92235,0.6999,6.73
2011-07-15,11.1,11.7,11.1,11.2,30000,0.0999,0.9
2011-07-18,11.0,11.7,11.0,11.68,69967,0.4987,4.46
2011-07-19,11.9,12.2,11.1,12.0,48833,0.2995,2.56
2011-07-20,11.9,12.5,11.6,12.5,59960,0.5004,4.17
2011-07-21,12.5,15.0,12.4,14.1,124003,1.6,12.8
2011-07-22,14.3,14.8,13.89,14.5,46622,0.4004,2.84
2011-07-25,15.2,15.51,14.11,15.2,33480,0.7003,4.83
2011-07-26,15.1,15.2,14.7,14.8,20402,-0.3998,-2.63
2011-07-27,14.7,15.2,14.7,15.2,35187,0.3996,2.7
2011-07-28,14.7,15.3,14.6,14.9,22250,-0.2994,-1.97
2011-07-29,15.0,15.1,14.4,14.9,46792,0.0,0.0
2011-08-01,14.98,15.2,14.7,14.7,1950,-0.1997,-1.34
2011-08-02,14.4,15.0,14.0,14.0,23100,-0.6997,-4.76
2011-08-03,14.4,15.8,14.4,15.42,70504,1.4018,10.0
2011-08-04,15.8,15.8,14.2,15.0,37595,-0.4004,-2.6
2011-08-05,15.1,15.1,9.45,11.0,85459,-4.0007,-26.67
2011-08-08,9.4,11.9,9.1,10.0,72247,-0.9999,-9.09
2011-08-09,9.4,11.1,9.4,10.0,9500,0.0,0.0
2011-08-10,10.4,11.8,10.4,11.7,4045,1.7,17.0
2011-08-11,11.9,11.9,11.0,11.1,8300,-0.6002,-5.13
2011-08-12,11.3,11.4,11.2,11.2,22290,0.0999,0.9
2011-08-15,11.1,12.2,11.1,12.0,29904,0.7997,7.14
2011-08-16,12.0,12.58,11.5,12.4,9900,0.3996,3.33
2011-08-17,12.4,12.85,12.4,12.8,1200,0.4005,3.23
2011-08-18,11.7,12.55,10.6,12.55,2769,-0.1989,-1.56
2011-08-19,12.09,12.09,11.0,11.0,3200,-1.6002,-12.7
2011-08-22,11.8,12.8,11.8,12.0,13469,0.9999,9.09
2011-08-23,11.6,11.6,11.6,11.6,933,-0.3996,-3.33
2011-08-25,12.3,12.39,12.3,12.3,1850,0.6995,6.03
2011-08-26,11.4,12.0,11.2,12.0,6700,-0.3001,-2.44
2011-08-29,12.0,12.04,11.9,12.0,21950,0.0,0.0
2011-08-31,10.9,12.4,10.9,12.08,770,0.0994,0.83
2011-09-01,11.2,12.1,11.1,12.1,400,0.0,0.0
2011-09-06,11.3,11.3,11.3,11.3,100,-0.7998,-6.61
2011-09-07,10.6,11.5,10.6,11.5,1000,0.2,1.77
2011-09-08,10.7,12.0,10.1,12.0,10912,0.5002,4.35
2011-09-09,11.2,11.2,11.0,11.0,200,-0.9996,-8.33
2011-09-12,11.0,12.4,11.0,12.0,32149,0.9999,9.09
2011-09-13,11.0,11.9,11.0,11.2,695,-0.8004,-6.67
2011-09-14,11.5,12.0,11.5,12.0,8008,0.7997,7.14
2011-09-16,11.1,11.9,10.6,11.9,349,-0.0996,-0.83
2011-09-19,11.0,13.6,10.5,12.0,7545,0.1,0.84
2011-09-20,11.5,13.0,10.6,12.0,4845,0.0,0.0
2011-09-21,12.0,12.0,11.5,11.5,250,-0.5004,-4.17
2011-09-23,11.5,11.69,10.5,11.69,1230,0.1999,1.74
2011-09-26,11.1,11.2,10.8,10.8,1600,-0.8997,-7.69
2011-09-27,11.3,12.01,11.3,12.0,21100,1.1999,11.11
2011-09-28,11.5,11.5,11.5,11.5,18000,-0.5004,-4.17
2011-09-29,10.7,10.7,10.7,10.7,200,-0.8004,-6.96
2011-09-30,10.7,10.7,10.2,10.7,3118,0.0,0.0
2011-10-03,10.1,10.16,9.69,9.69,3155,-0.9995,-9.35
2011-10-04,8.6,8.9,7.46,8.9,8965,-0.8003,-8.25
2011-10-05,8.9,10.0,8.9,9.0,2837,0.0997,1.12
2011-10-06,8.9,8.9,8.9,8.9,300,-0.0999,-1.11
2011-10-07,8.91,8.91,8.91,8.91,150,0.0,0.0
2011-10-10,8.9,9.0,8.9,8.92,68400,0.0,0.0
2011-10-11,8.9,8.9,8.9,8.9,400,0.0,0.0
2011-10-12,8.9,8.91,8.1,8.4,11450,-0.5002,-5.62
2011-10-13,8.1,8.1,7.9,7.9,1950,-0.4998,-5.95
2011-10-14,8.0,8.0,7.8,7.8,800,-0.1003,-1.27
2011-10-18,7.1,7.8,7.1,7.1,1802,-0.6996,-8.97
2011-10-19,7.1,7.1,7.1,7.1,1000,0.0,0.0
2011-10-21,7.2,7.2,7.2,7.2,600,0.1001,1.41
2011-10-24,10.0,10.0,9.92,10.0,10425,2.8001,38.89
2011-10-25,10.0,10.0,8.6,8.6,4800,-1.4,-14.0
2011-10-26,9.88,10.6,8.5,9.2,23041,0.6003,6.98
2011-10-27,10.01,10.01,8.2,9.6,15300,0.4002,4.35
2011-10-28,8.65,9.0,8.65,8.65,1625,-0.8943,-9.37
2011-10-31,8.9,10.0,8.9,10.0,20100,1.2998,14.94
2011-11-01,9.9,11.4,8.3,11.4,15749,1.4,14.0
2011-11-02,11.4,11.4,11.4,11.4,100,0.0,0.0
2011-11-03,11.0,11.0,9.3,9.5,1371,-1.9005,-16.67
2011-11-04,10.61,10.61,10.61,10.61,100,1.1011,11.58
2011-11-07,10.6,10.6,9.1,9.35,1862,-1.1935,-11.32
2011-11-08,10.7,10.7,10.7,10.7,200,1.3,13.83
2011-11-09,10.7,10.7,8.6,8.9,1700,-1.7997,-16.82
2011-11-10,9.6,9.6,9.2,9.2,1441,0.2999,3.37
2011-11-11,10.4,10.4,8.0,9.63,10508,0.4014,4.35
2011-11-14,8.1,8.2,7.9,8.0,3507,-1.6004,-16.67
2011-11-16,7.6,8.76,7.1,8.69,3908,0.6992,8.75
2011-11-17,8.0,8.0,7.9,8.0,2100,-0.7004,-8.05
2011-11-18,7.7,8.11,7.1,8.05,9400,0.0994,1.25
2011-11-21,7.1,7.29,6.6,7.29,9871,-0.7992,-9.88
2011-11-29,6.8,7.3,6.2,6.2,22049,-1.1001,-15.07
2011-11-30,6.2,9.9,6.2,7.91,50626,1.7022,27.42
2011-12-01,8.0,8.53,8.0,8.0,3207,0.1003,1.27
2011-12-05,8.6,8.72,8.25,8.25,1420,0.2982,3.75
2011-12-06,8.26,8.48,8.25,8.25,1200,0.0,0.0
2011-12-08,9.0,9.0,6.7,6.7,14870,-1.6003,-19.28
2011-12-09,7.8,9.9,6.7,6.7,23460,0.0,0.0
2011-12-12,7.6,7.6,7.1,7.3,2346,0.6003,8.96
2011-12-13,6.8,6.8,6.6,6.8,4200,-0.5001,-6.85
2011-12-14,6.5,7.7,6.4,7.0,11100,0.1999,2.94
2011-12-15,6.8,6.8,6.2,6.2,21593,-0.8001,-11.43
2011-12-16,6.1,6.1,5.7,5.7,8800,-0.4997,-8.06
2011-12-19,5.85,5.9,5.6,5.6,14583,-0.0997,-1.75
2011-12-20,5.42,5.42,3.9,4.7,74400,-0.8999,-16.07
2011-12-21,4.4,5.29,4.3,4.6,16500,-0.1001,-2.13
2011-12-22,4.4,5.19,4.4,4.69,11750,0.0996,2.17
2011-12-23,4.6,4.97,4.2,4.2,24050,-0.5001,-10.64
2011-12-27,3.8,4.21,3.52,4.09,13450,-37.8157,-90.24
2011-12-28,4.2,4.4,3.6,3.6,19000,-0.5002,-12.2
2011-12-29,3.5,3.79,3.1,3.4,30900,-0.2002,-5.56
2011-12-30,3.39,3.39,3.1,3.1,5956,-0.2999,-8.82
2012-01-03,3.1,5.9,3.1,5.7,74608,-25.2951,-81.61
2012-01-04,5.5,5.79,4.9,5.79,27716,0.0996,1.75
2012-01-05,5.8,5.8,4.05,4.1,69719,-1.7,-29.31
2012-01-06,4.2,4.3,4.0,4.1,8000,0.0,0.0
2012-01-09,4.4,5.15,4.3,4.9,8730,0.7999,19.51
2012-01-10,4.7,4.7,4.3,4.4,10601,-0.4998,-10.2
2012-01-11,4.32,4.32,4.1,4.3,3000,-0.0999,-2.27
2012-01-12,4.4,4.89,4.2,4.2,53650,-0.1002,-2.33
2012-01-13,4.1,4.18,3.7,3.87,22380,-0.2976,-7.14
2012-01-17,3.9,4.0,3.8,3.89,4075,-34.7013,-89.92
2012-01-18,4.18,4.2,4.1,4.2,3000,0.2999,7.69
2012-01-19,4.2,4.71,4.2,4.6,5450,0.3999,9.52
2012-01-20,4.8,4.8,4.77,4.78,16200,0.1993,4.35
2012-01-23,4.71,4.71,4.3,4.6,4090,-0.2002,-4.17
2012-01-24,4.3,4.5,4.1,4.4,2700,-0.2001,-4.35
2012-01-25,4.1,4.4,4.1,4.4,475,0.0,0.0
2012-01-26,4.1,4.1,4.1,4.1,2000,-0.3001,-6.82
2012-01-27,3.9,4.0,3.3,3.9,22400,-0.2001,-4.88
2012-01-30,3.5,3.7,3.5,3.6,14000,-0.2999,-7.69
2012-01-31,3.7,4.5,3.7,4.0,21850,0.4,11.11
2012-02-01,4.2,4.3,4.0,4.0,6817,0.0,0.0
2012-02-02,4.01,5.1,4.01,4.12,19728,0.1005,2.5
2012-02-03,4.2,4.2,4.0,4.19,14588,0.0998,2.44
2012-02-06,4.5,4.5,3.8,3.8,6078,-0.3998,-9.52
2012-02-07,3.96,4.1,3.62,4.1,12220,0.2998,7.89
2012-02-08,4.0,4.99,4.0,4.51,51240,0.401,9.76
2012-02-09,4.8,5.1,4.16,4.79,35711,0.2995,6.67
2012-02-10,5.0,6.5,5.0,6.39,77598,1.5974,33.33
2012-02-13,6.5,8.4,6.4,6.6,80395,0.2003,3.13
2012-02-14,6.79,8.07,4.81,5.7,36810,-0.9003,-13.64
2012-02-15,5.7,5.9,4.2,4.7,128116,-0.9997,-17.54
2012-02-16,4.9,4.9,4.7,4.8,13730,0.1001,2.13
2012-02-17,4.9,5.45,4.7,5.2,31601,0.3999,8.33
2012-02-21,4.84,5.1,4.6,4.9,11347,-47.117,-90.58
2012-02-22,4.7,4.87,4.0,4.1,51473,-0.8002,-16.33
2012-02-23,4.0,4.5,4.0,4.3,25440,0.2001,4.88
2012-02-24,4.2,4.29,4.0,4.0,8300,-0.3002,-6.98
2012-02-27,4.4,4.4,4.0,4.0,9775,0.0,0.0
2012-02-28,4.0,4.19,4.0,4.0,5975,0.0,0.0
2012-02-29,4.0,4.2,3.8,4.17,19160,0.1986,5.0
2012-03-01,4.0,4.1,3.99,4.0,7200,-0.1999,-4.76
2012-03-02,4.1,4.5,4.1,4.29,18500,0.2993,7.5
2012-03-05,4.4,4.5,4.12,4.48,12400,0.1991,4.65
2012-03-06,4.5,4.58,4.5,4.5,21163,0.0,0.0
2012-03-07,4.6,4.6,4.6,4.6,1300,0.0999,2.22
2012-03-09,4.3,4.7,4.3,4.7,300,0.0998,2.17
2012-03-12,4.7,4.7,4.7,4.7,500,0.0,0.0
2012-03-13,4.55,4.7,4.55,4.7,1400,0.0,0.0
2012-03-14,4.5,4.5,4.0,4.0,2500,-0.6998,-14.89
2012-03-15,4.5,4.6,4.2,4.3,22560,0.3,7.5
2012-03-16,4.5,4.7,4.3,4.4,13970,0.1002,2.33
2012-03-19,4.39,5.0,4.39,4.79,1774,0.3991,9.09
2012-03-20,4.4,4.94,4.11,4.79,8235,0.0,0.0
2012-03-22,4.4,4.54,4.4,4.54,2379,-0.3027,-6.25
2012-03-26,4.23,4.5,4.23,4.5,6535,0.0,0.0
2012-03-27,4.54,4.54,4.5,4.5,500,0.0,0.0
2012-03-28,4.54,4.8,4.54,4.8,880,0.3001,6.67
2012-03-29,4.3,4.3,4.2,4.2,3550,-0.6,-12.5
2012-04-02,4.5,4.9,4.5,4.9,10300,0.7001,16.67
2012-04-03,4.5,4.5,4.5,4.5,1000,-0.3998,-8.16
2012-04-04,4.5,5.44,4.5,4.8,10101,0.3001,6.67
2012-04-05,4.9,5.0,4.4,4.4,8002,-0.3998,-8.33
2012-04-09,4.4,4.9,4.0,4.5,9190,-39.4883,-89.77
2012-04-10,4.5,4.5,4.23,4.5,18327,0.0,0.0
2012-04-11,4.59,4.59,4.59,4.59,10000,0.0997,2.22
2012-04-12,4.3,4.99,4.0,4.99,7507,0.3994,8.7
2012-04-13,4.1,5.4,3.6,5.0,77620,0.0,0.0
2012-04-16,4.51,4.51,4.0,4.1,7384,-0.9,-18.0
2012-04-17,4.02,4.9,4.0,4.89,10727,0.7983,19.51
2012-04-18,4.9,5.2,4.0,4.37,9229,-0.4964,-10.2
2012-04-19,4.59,4.6,4.0,4.6,3971,0.2002,4.55
2012-04-20,4.1,4.8,4.0,4.1,14214,-0.5,-10.87
2012-04-23,4.5,4.5,3.9,4.2,815,0.1,2.44
2012-04-24,4.0,4.5,4.0,4.5,13485,0.2999,7.14
2012-04-25,4.1,4.3,4.0,4.0,2300,-0.4999,-11.11
2012-04-26,4.1,4.5,4.1,4.1,1700,0.1,2.5
2012-04-27,4.0,4.3,4.0,4.0,8561,-0.1,-2.44
2012-05-01,4.2,4.2,4.0,4.0,900,0.0,0.0
2012-05-02,4.09,4.1,4.09,4.1,1605,0.1,2.5
2012-05-03,4.1,4.5,4.1,4.49,4760,0.3993,9.76
2012-05-07,4.0,4.1,3.5,4.1,2800,-0.4001,-8.89
2012-05-08,4.18,4.2,3.8,4.0,1300,-0.1,-2.44
2012-05-09,4.0,4.0,3.52,3.53,5400,-0.5043,-12.5
2012-05-10,3.52,4.07,3.5,4.07,8000,0.5955,17.14
2012-05-11,4.0,4.0,3.4,3.4,18050,-0.6998,-17.07
2012-05-14,3.4,3.5,3.4,3.4,4461,0.0,0.0
2012-05-15,3.4,3.4,3.4,3.4,2905,0.0,0.0
2012-05-17,3.4,3.99,3.4,3.99,6030,0.5986,17.65
2012-05-18,3.99,3.99,3.99,3.99,1300,0.0,0.0
2012-05-21,3.3,3.99,3.3,3.99,1894,0.0,0.0
2012-05-25,3.79,3.8,3.79,3.8,3200,-0.2,-5.0
2012-05-29,3.9,3.99,3.89,3.99,6830,-33.9017,-89.47
2012-05-30,3.69,3.99,3.69,3.99,3100,0.0,0.0
2012-05-31,3.6,3.6,3.49,3.49,11000,-0.4986,-12.5
2012-06-01,2.8,3.4,2.3,3.1,24500,-0.4001,-11.43
2012-06-04,3.2,3.8,3.09,3.09,6608,0.0,0.0
2012-06-05,2.6,2.71,2.51,2.71,11420,-0.4014,-12.9
2012-06-06,3.39,3.4,3.34,3.34,1900,0.6072,22.22
2012-06-07,3.34,3.34,2.71,2.8,7948,-0.4999,-15.15
2012-06-08,2.8,3.09,2.8,2.9,6769,0.1,3.57
2012-06-11,2.8,2.8,2.8,2.8,1800,-0.1001,-3.45
2012-06-13,2.9,3.38,2.37,2.4,9500,-0.4001,-14.29
2012-06-14,2.8,2.8,2.51,2.75,1600,0.3929,16.67
2012-06-15,2.9,3.0,2.89,3.0,8750,0.1999,7.14
2012-06-18,2.41,2.89,2.4,2.89,2100,-0.0996,-3.33
2012-06-19,3.0,3.0,3.0,3.0,600,0.1,3.45
2012-06-22,2.8,3.69,2.8,3.69,8128,0.698,23.33
2012-06-25,3.69,3.7,3.69,3.7,1655,0.0,0.0
2012-06-26,3.1,3.9,3.1,3.9,300,0.2002,5.41
2012-06-27,3.21,3.21,3.21,3.21,1200,-0.7022,-17.95
2012-06-29,2.9,2.9,2.8,2.8,5300,-0.4,-12.5
2012-07-02,2.5,2.8,2.5,2.8,4200,0.0,0.0
2012-07-03,2.4,3.0,2.4,3.0,900,0.1999,7.14
2012-07-06,2.5,2.5,2.21,2.21,1000,-0.8038,-26.67
2012-07-09,3.0,3.0,2.88,2.88,400,0.6952,31.82
2012-07-10,2.9,2.9,2.2,2.3,16100,-0.6,-20.69
2012-07-11,3.0,3.19,2.38,2.79,4100,0.4982,21.74
2012-07-12,2.8,2.99,2.5,2.99,4352,0.1993,7.14
2012-07-13,2.9,2.9,2.9,2.9,2599,-0.0999,-3.33
2012-07-17,2.8,2.8,2.4,2.69,1700,-0.1994,-6.9
2012-07-18,2.8,2.8,2.74,2.74,400,0.0,0.0
2012-07-19,2.75,2.75,2.74,2.74,10000,0.0,0.0
2012-07-20,2.97,2.97,2.79,2.8,11100,0.0999,3.7
2012-07-23,2.7,2.7,2.65,2.7,3871,-0.1,-3.57
2012-07-24,2.7,3.0,2.7,3.0,10666,0.3,11.11
2012-07-26,2.7,2.7,2.7,2.7,400,-0.3,-10.0
2012-07-30,2.7,2.7,2.7,2.7,100,0.0,0.0
2012-07-31,2.89,2.89,2.89,2.89,100,0.1994,7.41
2012-08-02,2.6,2.6,2.6,2.6,200,-0.2998,-10.34
2012-08-03,2.2,2.2,2.2,2.2,941,-0.3999,-15.38
2012-08-07,2.2,2.2,2.2,2.2,1500,0.0,0.0
2012-08-09,2.2,3.0,1.81,3.0,22450,0.7999,36.36
2012-08-10,2.7,2.7,2.12,2.12,3700,-0.9086,-30.0
2012-08-13,2.49,2.49,2.02,2.02,448,-0.101,-4.76
2012-08-14,2.2,2.2,2.2,2.2,115,0.2,10.0
2012-08-15,2.5,2.88,2.5,2.88,1300,0.6952,31.82
2012-08-17,2.85,2.85,2.85,2.85,700,0.0,0.0
2012-08-23,2.3,2.41,1.86,2.41,16072,-0.502,-17.24
2012-08-24,2.78,2.8,2.21,2.8,6640,0.4001,16.67
2012-08-27,2.64,2.64,2.27,2.49,2816,-0.2987,-10.71
2012-08-28,2.4,2.4,2.4,2.4,100,-0.1,-4.0
2012-08-29,2.21,2.21,2.21,2.21,1000,-0.2008,-8.33
2012-08-30,2.21,2.21,2.21,2.21,150,0.0,0.0
2012-08-31,2.22,2.31,2.21,2.31,1100,0.1005,4.55
2012-09-04,2.8,3.09,2.8,3.0,10412,-20.0947,-87.01
2012-09-05,3.2,3.2,3.0,3.0,9514,0.0,0.0
2012-09-06,3.0,3.0,3.0,3.0,1038,0.0,0.0
2012-09-07,2.5,3.0,2.12,2.13,10349,-0.9129,-30.0
2012-09-10,2.22,2.42,2.22,2.4,3150,0.3001,14.29
2012-09-12,2.35,2.64,2.34,2.59,3250,0.1992,8.33
2012-09-13,2.23,2.63,2.12,2.63,700,0.0,0.0
2012-09-17,2.05,2.64,2.05,2.64,2150,0.0,0.0
2012-09-18,2.5,2.5,2.49,2.49,1350,-0.0997,-3.85
2012-09-19,1.99,2.5,1.99,2.5,4600,0.0,0.0
2012-09-20,2.11,2.3,2.11,2.3,5600,-0.2,-8.0
2012-09-21,2.3,2.39,2.1,2.1,19500,-0.2001,-8.7
2012-09-24,2.1,2.25,1.9,2.24,8006,0.1018,4.76
2012-09-25,1.81,2.3,1.81,2.3,800,0.1001,4.55
2012-09-26,1.91,2.3,1.91,2.3,2049,0.0,0.0
2012-09-27,2.3,2.3,2.3,2.3,200,0.0,0.0
2012-09-28,1.75,2.09,1.75,2.09,4271,-0.1992,-8.7
2012-10-02,1.8,2.0,1.8,1.8,3200,-0.3001,-14.29
2012-10-03,1.8,2.0,1.8,1.99,17440,0.199,11.11
2012-10-04,2.59,2.59,1.97,2.38,3989,0.3967,20.0
2012-10-08,1.85,2.2,1.85,2.2,9300,-0.1999,-8.33
2012-10-09,2.72,3.5,2.62,3.4,142712,1.2001,54.55
2012-10-10,3.4,3.4,2.51,2.8,5110,-0.6001,-17.65
2012-10-11,2.8,2.8,2.8,2.8,2200,0.0,0.0
2012-10-15,2.3,2.79,2.2,2.49,17238,-0.2987,-10.71
2012-10-16,2.4,2.49,2.0,2.2,20408,-0.3,-12.0
2012-10-18,1.55,2.2,1.5,2.1,3700,-0.1001,-4.55
2012-10-19,2.5,2.8,2.5,2.53,1842,0.4048,19.05
2012-10-22,2.79,2.99,2.79,2.99,12925,0.4983,20.0
2012-10-23,3.0,3.0,3.0,3.0,3500,0.0,0.0
2012-10-24,2.99,2.99,2.2,2.54,3130,-0.5081,-16.67
2012-10-26,2.3,2.89,2.2,2.2,1100,-0.3,-12.0
2012-10-31,2.7,3.0,2.3,2.7,13671,-19.3049,-87.73
2012-11-02,2.8,3.0,2.79,3.0,5572,0.3,11.11
2012-11-05,2.4,2.79,2.4,2.79,5900,-0.1994,-6.67
2012-11-06,2.05,3.07,2.05,2.94,5494,2.66,950.0
2012-11-08,2.51,2.798,2.11,2.472,2611,-0.47,-15.99
2012-11-09,2.11,2.17,2.11,2.17,3400,-0.3,-12.15
2012-11-16,2.1,2.151,2.1,2.151,618,-0.02,-0.92
2012-11-19,2.03,2.04,1.876,1.876,4925,-0.27,-12.56
2012-11-21,1.57,1.6,1.56,1.6,1835,-0.28,-14.89
2012-11-26,1.6,1.65,1.6,1.65,5448,0.05,3.12
2012-11-27,1.85,2.5,1.85,2.32,12843,0.67,40.61
2012-11-28,2.79,2.85,2.04,2.72,1370,0.4,17.24
2012-11-29,2.34,2.79,2.03,2.4,19050,-0.32,-11.76
2012-11-30,2.709,2.709,2.31,2.709,640,0.31,12.92
2012-12-03,2.71,2.71,2.5,2.5,4890,-0.21,-7.75
2012-12-04,2.5,2.5,2.2,2.2,210,-0.3,-12.0
2012-12-05,2.38,2.5,2.22,2.22,2870,0.02,0.91
2012-12-06,2.66,2.9,2.37,2.75,11164,0.53,23.87
2012-12-07,2.941,3.41,2.941,3.399,6009,0.65,23.64
2012-12-10,3.7,3.7,3.597,3.7,8715,0.3,8.82
2012-12-11,3.93,5.05,3.38,3.73,38291,0.03,0.81
2012-12-12,3.68,4.0,3.68,3.8,2153,0.07,1.88
2012-12-13,3.56,3.56,3.11,3.11,1519,-0.69,-18.16
2012-12-14,3.19,3.19,2.8,2.847,7820,-0.26,-8.36
2012-12-17,2.85,2.937,2.72,2.937,7550,0.09,3.16
2012-12-18,2.94,2.94,2.89,2.89,3534,-0.05,-1.7
2012-12-19,2.89,2.89,2.89,2.89,1888,0.0,0.0
2012-12-20,2.89,2.89,2.67,2.7,1531,-0.19,-6.57
2012-12-21,2.7,3.138,2.57,3.1,3199,0.4,14.81
2012-12-26,3.2,3.2,2.77,3.05,1834,0.05,1.67
2012-12-28,3.1,3.1,3.071,3.072,883,0.02,0.66
2012-12-31,3.07,3.07,3.05,3.05,600,-0.02,-0.65
2013-01-02,2.97,2.971,2.96,2.971,700,-0.08,-2.62
2013-01-03,2.77,2.77,2.77,2.77,500,-0.2,-6.73
2013-01-04,2.56,2.66,2.56,2.66,800,-0.11,-3.97
2013-01-07,2.25,3.18,2.25,3.18,1001,0.52,19.55
2013-01-08,3.11,3.11,3.11,3.11,300,-0.07,-2.2
2013-01-09,3.07,3.07,3.06,3.06,200,-0.05,-1.61
2013-01-10,2.94,3.014,2.61,3.0,1380,-0.06,-1.96
2013-01-11,3.1,3.58,3.07,3.12,6857,0.12,4.0
2013-01-15,3.37,3.37,2.46,3.05,3049,-0.07,-2.24
2013-01-17,2.9,3.36,2.9,3.31,2200,0.26,8.52
2013-01-18,3.35,3.35,2.86,3.15,9760,-0.16,-4.83
2013-01-22,3.19,3.19,3.19,3.19,400,0.04,1.27
2013-01-23,3.15,3.16,3.15,3.16,362,-0.03,-0.94
2013-01-24,3.17,3.27,3.17,3.2,3600,0.04,1.27
2013-01-25,3.3,3.36,3.18,3.36,7732,0.16,5.0
2013-01-29,3.176,3.176,3.176,3.176,200,-0.18,-5.36
2013-01-30,3.18,3.2,3.18,3.2,200,0.02,0.63
2013-01-31,3.16,3.66,3.16,3.65,3339,0.45,14.06
2013-02-01,4.01,4.01,3.8,3.86,1258,0.21,5.75
2013-02-05,4.15,4.15,3.803,4.0,1450,0.14,3.63
2013-02-11,4.05,4.17,4.05,4.16,1287,0.16,4.0
2013-02-12,3.75,4.41,3.75,4.01,3427,-0.15,-3.61
2013-02-13,4.18,4.18,3.7,3.98,1884,-0.03,-0.75
2013-02-19,3.27,3.5,3.27,3.5,1500,-0.48,-12.06
2013-02-21,3.38,3.89,3.29,3.89,400,0.39,11.14
2013-02-22,3.94,3.94,3.41,3.41,1612,-0.48,-12.34
2013-02-27,3.87,3.87,3.2,3.2,1600,-0.21,-6.16
2013-02-28,3.37,3.37,3.21,3.23,600,0.03,0.94
2013-03-12,3.47,3.5,3.47,3.5,411,0.27,8.36
2013-03-21,3.21,3.21,2.7,2.999,1340,-0.5,-14.29
2013-03-22,2.87,2.88,2.87,2.88,375,-0.12,-4.0
2013-03-25,3.08,3.08,3.08,3.08,175,0.2,6.94
2013-04-02,2.918,2.918,2.918,2.918,190,-0.16,-5.19
2013-04-03,2.72,2.72,2.72,2.72,500,-0.2,-6.85
2013-04-08,3.09,3.09,2.712,2.712,300,-0.01,-0.37
2013-04-09,2.716,2.716,2.716,2.716,100,0.01,0.37
2013-04-11,2.99,3.01,2.98,2.98,1335,0.26,9.56
2013-04-12,2.96,2.96,2.96,2.96,200,-0.02,-0.67
2013-04-17,2.75,2.75,2.14,2.18,3939,-0.78,-26.35
2013-04-18,1.98,1.98,1.98,1.98,100,-0.2,-9.17
2013-04-22,2.15,2.19,2.15,2.19,205,0.21,10.61
2013-04-23,2.22,2.262,2.22,2.23,783,0.04,1.83
2013-04-25,2.38,2.38,2.15,2.23,300,0.0,0.0
2013-04-30,0.99,1.99,0.99,1.95,4250,-0.28,-12.56
2013-05-01,2.26,3.083,2.26,2.4,4330,0.45,23.08
2013-05-02,2.5,4.4,1.7,3.2,27814,0.8,33.33
2013-05-03,3.31,3.31,2.65,2.65,2885,-0.55,-17.19
2013-05-06,2.63,2.63,2.63,2.63,120,-0.02,-0.75
2013-05-07,2.929,2.93,2.55,2.601,3767,-0.03,-1.14
2013-05-10,2.568,2.568,2.55,2.55,414,-0.05,-1.92
2013-05-14,2.55,2.55,2.55,2.55,468,0.0,0.0
2013-05-15,2.55,2.55,2.55,2.55,430,0.0,0.0
2013-05-16,2.55,2.55,2.55,2.55,270,0.0,0.0
2013-05-20,2.56,2.586,2.56,2.586,300,0.04,1.57
2013-05-21,2.57,2.57,2.57,2.57,2500,-0.02,-0.77
2013-05-22,2.64,2.97,2.64,2.97,200,0.4,15.56
2013-05-23,2.75,2.75,2.75,2.75,200,-0.22,-7.41
2013-05-24,2.75,2.76,2.75,2.76,300,0.01,0.36
2013-05-28,2.59,2.76,2.55,2.653,800,-0.11,-3.99
2013-05-30,2.55,2.55,2.16,2.21,1832,-0.44,-16.6
2013-05-31,2.25,2.32,2.25,2.25,320,0.04,1.81
2013-06-04,2.26,2.35,2.26,2.35,400,0.1,4.44
2013-06-05,2.36,2.36,2.36,2.36,142,0.01,0.43
2013-06-06,2.41,2.68,2.41,2.58,1861,0.22,9.32
2013-06-07,2.59,2.79,2.53,2.53,804,-0.05,-1.94
2013-06-10,2.54,2.95,2.07,2.95,1500,0.42,16.6
2013-06-12,2.71,2.71,2.71,2.71,100,-0.24,-8.14
2013-06-13,2.3,2.3,2.3,2.3,200,-0.41,-15.13
2013-06-14,2.3,2.35,2.3,2.35,1547,0.05,2.17
2013-06-17,2.3,2.55,1.73,2.53,1847,0.18,7.66
2013-06-19,2.09,2.5,2.09,2.34,4052,-0.19,-7.51
2013-06-20,2.27,2.47,2.17,2.17,2102,-0.17,-7.26
2013-06-21,2.22,2.22,2.1,2.1,802,-0.07,-3.23
2013-06-27,2.15,2.15,2.15,2.15,400,0.05,2.38
2013-07-05,1.77,2.519,1.77,2.45,1500,0.3,13.95
2013-07-08,2.51,2.51,2.51,2.51,500,0.06,2.45
2013-07-11,2.12,2.444,2.12,2.444,400,-0.07,-2.79
2013-07-24,2.0,2.38,1.94,2.38,1616,-0.06,-2.46
2013-07-25,2.05,2.11,1.99,2.1,4352,-0.28,-11.76
2013-07-26,1.97,1.97,1.97,1.97,800,-0.13,-6.19
2013-07-29,2.13,2.13,2.13,2.13,100,0.16,8.12
2013-07-30,1.94,2.13,1.94,2.13,200,0.0,0.0
2013-07-31,2.14,2.14,2.0,2.01,1500,-0.12,-5.63
2013-08-01,1.85,3.01,1.85,3.01,9958,1.0,49.75
2013-08-02,3.0,5.439,2.95,4.88,96316,1.87,62.13
2013-08-05,4.88,5.1,3.55,3.7,46092,-1.18,-24.18
2013-08-06,3.7,3.7,3.145,3.18,12885,-0.52,-14.05
2013-08-07,3.12,3.49,2.8,3.45,15165,0.27,8.49
2013-08-08,3.45,3.45,3.12,3.19,600,-0.26,-7.54
2013-08-09,3.4,3.449,2.85,3.43,1599,0.24,7.52
2013-08-12,3.14,3.42,2.9,2.97,10003,-0.46,-13.41
2013-08-13,3.48,3.48,3.0,3.05,4210,0.08,2.69
2013-08-14,3.0,3.18,3.0,3.18,1000,0.13,4.26
2013-08-16,3.25,3.25,3.02,3.06,2015,-0.12,-3.77
2013-08-19,3.09,3.09,3.0,3.0,395,-0.06,-1.96
2013-08-20,2.75,3.099,2.75,2.97,2228,-0.03,-1.0
2013-08-21,2.85,2.86,2.85,2.86,349,-0.11,-3.7
2013-08-22,2.86,2.86,2.86,2.86,200,0.0,0.0
2013-08-27,2.8,2.85,2.8,2.85,4353,-0.01,-0.35
2013-08-28,2.75,2.75,2.75,2.75,400,-0.1,-3.51
2013-08-29,2.75,2.75,2.08,2.65,1411,-0.1,-3.64
2013-09-03,2.5,2.94,2.1,2.34,3300,-0.31,-11.7
2013-09-04,2.48,2.48,2.241,2.241,500,-0.1,-4.27
2013-09-05,2.63,2.8,2.52,2.72,14730,0.48,21.43
2013-09-06,2.89,2.9,2.75,2.75,3650,0.03,1.1
2013-09-09,2.88,2.88,2.61,2.65,8780,-0.1,-3.64
2013-09-10,2.451,2.879,2.451,2.878,725,0.23,8.68
2013-09-11,2.8,2.8,2.8,2.8,500,-0.08,-2.78
2013-09-12,2.71,2.71,2.71,2.71,100,-0.09,-3.21
2013-09-13,2.4,2.8,2.4,2.8,1020,0.09,3.32
2013-09-16,2.585,2.8,2.5,2.6,1593,-0.2,-7.14
2013-09-19,2.62,2.62,2.62,2.62,127,0.02,0.77
2013-09-20,2.79,2.99,2.76,2.76,5422,0.14,5.34
2013-09-26,2.63,2.65,2.51,2.6,6561,-0.16,-5.8
2013-09-27,2.52,2.98,2.52,2.98,1000,0.38,14.62
2013-09-30,2.6,2.979,2.599,2.74,4330,-0.24,-8.05
2013-10-01,2.98,2.98,2.6,2.606,2175,-0.13,-4.74
2013-10-02,2.64,2.975,2.64,2.704,1300,0.09,3.45
2013-10-03,2.61,2.9,2.61,2.894,2020,0.19,7.04
2013-10-04,2.967,2.967,2.66,2.7,600,-0.19,-6.57
2013-10-07,2.75,2.75,2.75,2.75,818,0.05,1.85
2013-10-08,2.96,3.46,2.75,3.15,10669,0.4,14.55
2013-10-09,3.08,3.15,3.007,3.01,1935,-0.14,-4.44
2013-10-10,3.02,3.02,3.0,3.01,2258,0.0,0.0
2013-10-14,2.81,2.92,2.81,2.9,2100,-0.11,-3.65
2013-10-15,3.2,3.2,3.19,3.2,400,0.3,10.34
2013-10-16,3.25,3.25,3.23,3.25,1656,0.05,1.56
2013-10-17,2.96,3.124,2.96,3.111,350,-0.14,-4.31
2013-10-18,3.02,3.02,3.01,3.01,701,-0.1,-3.22
2013-10-21,3.01,3.01,3.01,3.01,500,0.0,0.0
2013-10-23,2.88,2.88,2.88,2.88,300,-0.13,-4.32
2013-10-30,2.75,2.78,2.61,2.637,3294,-0.24,-8.33
2013-10-31,2.669,2.762,2.65,2.65,3639,0.01,0.38
2013-11-01,2.67,2.9,2.48,2.65,4234,0.0,0.0
2013-11-04,2.6,2.749,2.6,2.745,2280,0.1,3.77
2013-11-05,2.7,2.7,2.61,2.63,900,-0.12,-4.36
2013-11-07,2.612,2.612,2.6,2.6,700,-0.03,-1.14
2013-11-08,2.44,2.49,1.99,2.48,9156,-0.12,-4.62
2013-11-11,2.32,2.519,2.32,2.519,5200,0.04,1.61
2013-11-12,2.55,2.55,2.26,2.27,305,-0.25,-9.92
2013-11-13,2.31,2.31,1.95,2.09,5849,-0.18,-7.93
2013-11-15,2.1,2.37,2.07,2.37,2280,0.28,13.4
2013-11-18,2.357,2.357,2.357,2.357,100,-0.01,-0.42
2013-11-19,2.38,2.38,2.38,2.38,289,0.02,0.85
2013-11-20,2.21,2.21,2.21,2.21,551,-0.17,-7.14
2013-11-25,2.3,2.499,2.3,2.499,2861,0.29,13.12
2013-11-26,2.34,2.349,2.23,2.349,1421,-0.15,-6.0
2013-11-27,2.454,2.62,2.38,2.5,4113,0.15,6.38
2013-11-29,2.45,2.45,2.45,2.45,250,-0.05,-2.0
2013-12-03,2.09,2.583,2.09,2.583,610,0.13,5.31
2013-12-04,2.55,2.55,2.55,2.55,180,-0.03,-1.16
2013-12-05,2.35,2.6,2.35,2.6,8764,0.05,1.96
2013-12-09,2.077,2.077,2.077,2.077,169,-0.52,-20.0
2013-12-10,2.46,3.34,2.45,2.9,51543,0.82,39.42
2013-12-11,3.0,3.35,2.8,2.86,17037,-0.04,-1.38
2013-12-12,2.99,3.3,2.99,3.3,7884,0.44,15.38
2013-12-13,3.001,3.29,2.99,3.049,7995,-0.25,-7.58
2013-12-16,3.14,3.3,2.95,3.3,14340,0.25,8.2
2013-12-17,3.23,3.36,2.66,2.99,32056,-0.31,-9.39
2013-12-18,2.94,3.03,2.94,2.96,954,-0.03,-1.0
2013-12-19,2.9,2.95,2.9,2.95,2403,-0.01,-0.34
2013-12-20,2.93,2.95,2.8,2.84,5497,-0.11,-3.73
2013-12-23,2.9,2.9,2.8,2.8,1326,-0.04,-1.41
2013-12-26,2.75,2.75,2.75,2.75,276,-0.05,-1.79
2013-12-27,2.76,3.21,2.751,3.07,36424,0.32,11.64
2013-12-30,3.11,3.399,3.0,3.0,3956,-0.07,-2.28
2013-12-31,3.07,3.07,2.82,2.82,3466,-0.18,-6.0
2014-01-02,2.98,3.02,2.89,2.96,4865,0.14,4.96
2014-01-03,3.05,3.11,3.04,3.11,4682,0.15,5.07
2014-01-06,3.12,3.25,3.12,3.18,1700,0.07,2.25
2014-01-07,3.361,3.361,3.002,3.19,7309,0.01,0.31
2014-01-08,3.13,3.4,3.05,3.149,16825,-0.04,-1.25
2014-01-10,3.381,3.99,3.229,3.88,20337,0.73,23.17
2014-01-13,3.72,5.4,3.513,4.72,111911,0.84,21.65
2014-01-14,5.5,6.0,5.35,5.37,75088,0.65,13.77
2014-01-15,5.6,5.6,4.36,5.1,42059,-0.27,-5.03
2014-01-16,5.0,5.07,4.27,4.949,16400,-0.15,-2.94
2014-01-17,7.13,16.74,6.76,12.3,1423099,7.35,148.48
2014-01-21,10.6,13.48,10.0,10.56,352597,-1.74,-14.15
2014-01-22,10.4,11.2,9.55,10.05,124973,-0.51,-4.83
2014-01-23,9.85,11.2,9.514,9.6,150378,-0.45,-4.48
2014-01-24,9.74,13.699,9.54,10.99,300680,1.39,14.48
2014-01-27,10.55,11.379,9.82,9.82,53383,-1.17,-10.65
2014-01-28,9.707,11.249,9.7,10.71,30141,0.89,9.06
2014-01-29,10.7,10.965,9.7,10.155,30208,-0.55,-5.14
2014-01-30,10.2,10.97,10.15,10.44,16670,0.28,2.76
2014-01-31,10.25,10.6,9.77,10.06,14995,-0.38,-3.64
2014-02-03,10.01,10.28,9.825,10.015,7303,-0.04,-0.4
2014-02-04,9.97,9.97,8.01,8.11,55635,-1.91,-19.06
2014-02-05,8.29,8.29,7.05,7.15,40596,-0.96,-11.84
2014-02-06,7.06,7.88,6.94,7.4,26668,0.25,3.5
2014-02-07,7.89,7.96,7.141,7.34,8214,-0.06,-0.81
2014-02-10,7.38,7.479,6.5,7.38,31447,0.04,0.54
2014-02-11,7.01,7.41,7.01,7.18,14637,-0.2,-2.71
2014-02-12,7.11,8.43,6.91,8.15,78325,0.97,13.51
2014-02-13,8.2,8.38,7.75,7.8,14242,-0.35,-4.29
2014-02-14,7.68,8.0,7.25,7.63,19502,-0.17,-2.18
2014-02-18,7.55,7.8,7.424,7.6,4732,-0.03,-0.39
2014-02-19,7.6,7.65,7.26,7.27,9161,-0.33,-4.34
2014-02-20,7.74,7.74,7.26,7.7,1681,0.43,5.91
2014-02-21,7.399,7.599,7.27,7.28,9764,-0.42,-5.45
2014-02-24,7.25,8.3,7.25,7.65,34598,0.37,5.08
2014-02-25,7.41,7.98,7.41,7.46,10053,-0.19,-2.48
2014-02-26,7.3,7.9,7.29,7.35,4335,-0.11,-1.47
2014-02-27,7.5,7.5,7.24,7.41,3547,0.06,0.82
2014-02-28,7.974,7.974,7.266,7.27,8038,-0.14,-1.89
2014-03-03,7.36,7.36,7.0,7.01,9092,-0.26,-3.58
2014-03-04,7.0,7.05,6.51,7.05,7251,0.04,0.57
2014-03-05,6.92,7.189,6.85,7.01,10976,-0.04,-0.57
2014-03-06,7.06,8.12,7.06,7.801,18909,0.79,11.27
2014-03-07,8.0,8.48,8.0,8.02,28429,0.22,2.82
2014-03-10,8.03,8.09,7.26,7.638,8891,-0.38,-4.74
2014-03-11,7.94,7.94,7.03,7.3,7291,-0.34,-4.45
2014-03-12,7.04,7.05,7.02,7.02,1750,-0.28,-3.84
2014-03-13,7.3,7.3,6.86,7.12,2405,0.1,1.42
2014-03-14,7.239,7.239,6.037,6.43,11684,-0.69,-9.69
2014-03-17,6.37,6.37,6.01,6.21,5576,-0.22,-3.42
2014-03-18,6.21,6.232,6.01,6.19,5624,-0.02,-0.32
2014-03-19,6.365,6.38,6.152,6.23,4769,0.04,0.65
2014-03-20,6.25,6.25,5.81,6.09,3257,-0.14,-2.25
2014-03-21,6.2,6.24,6.16,6.2,2000,0.11,1.81
2014-03-24,6.47,6.5,6.046,6.46,7581,0.26,4.19
2014-03-25,6.56,6.619,6.15,6.15,2152,-0.31,-4.8
2014-03-26,6.279,6.279,6.279,6.279,230,0.13,2.11
2014-03-27,6.15,6.75,6.15,6.533,8781,0.25,3.98
2014-03-28,6.611,6.899,6.61,6.899,1041,0.37,5.67
2014-03-31,6.64,6.892,6.6,6.88,2258,-0.02,-0.29
2014-04-01,6.828,6.879,6.828,6.879,824,0.0,0.0
2014-04-02,6.368,6.368,6.368,6.368,110,-0.51,-7.41
2014-04-03,6.349,6.35,6.31,6.32,1800,-0.05,-0.78
2014-04-04,6.34,6.48,6.32,6.4,9905,0.08,1.27
2014-04-07,6.46,6.78,6.31,6.33,13570,-0.07,-1.09
2014-04-08,6.36,6.36,6.33,6.35,1521,0.02,0.32
2014-04-09,6.56,6.56,6.54,6.54,1156,0.19,2.99
2014-04-10,6.4,6.45,6.4,6.45,406,-0.09,-1.38
2014-04-11,6.41,6.41,5.48,5.55,15603,-0.9,-13.95
2014-04-14,5.54,5.54,4.75,4.82,9067,-0.73,-13.15
2014-04-15,4.74,4.74,4.262,4.53,7017,-0.29,-6.02
2014-04-16,4.55,4.689,4.45,4.689,1833,0.16,3.53
2014-04-17,4.7,4.7,4.6,4.699,1113,0.01,0.21
2014-04-21,4.66,4.66,4.0,4.08,1964,-0.62,-13.19
2014-04-22,4.01,4.079,3.81,3.965,14548,-0.11,-2.7
2014-04-23,3.99,4.15,3.99,4.11,6302,0.14,3.53
2014-04-24,4.18,4.18,4.18,4.18,479,0.07,1.7
2014-04-25,3.99,4.054,3.91,3.91,2502,-0.27,-6.46
2014-04-28,3.93,4.2,3.93,4.13,1305,0.22,5.63
2014-04-29,4.149,4.149,4.05,4.05,1791,-0.08,-1.94
2014-04-30,3.92,3.999,3.91,3.989,1846,-0.06,-1.48
2014-05-01,3.91,3.91,3.91,3.91,1073,-0.08,-2.01
2014-05-02,3.989,3.989,3.83,3.89,5977,-0.02,-0.51
2014-05-05,3.77,3.89,3.77,3.889,1541,0.0,0.0
2014-05-06,3.78,3.88,3.78,3.87,989,-0.02,-0.51
2014-05-07,3.8,3.8,3.62,3.7,2784,-0.17,-4.39
2014-05-09,3.51,3.51,2.66,2.66,1182,-1.04,-28.11
2014-05-12,2.899,3.499,2.86,3.409,20666,0.75,28.2
2014-05-13,3.41,4.96,3.21,4.42,39358,1.01,29.62
2014-05-14,4.68,5.22,4.12,4.25,40678,-0.17,-3.85
2014-05-15,4.24,4.63,4.049,4.5,6357,0.25,5.88
2014-05-16,4.489,4.489,4.31,4.36,725,-0.14,-3.11
2014-05-19,4.31,4.378,4.3,4.308,2166,-0.05,-1.15
2014-05-20,4.28,4.28,4.235,4.27,1641,-0.04,-0.93
2014-05-21,4.27,5.0,4.27,4.68,25694,0.41,9.6
2014-05-22,5.169,5.17,4.92,4.92,2500,0.24,5.13
2014-05-23,4.74,5.0,4.7,4.755,1925,-0.16,-3.25
2014-05-27,4.95,5.06,4.6,5.06,3433,0.3,6.3
2014-05-28,4.58,4.95,4.58,4.95,976,-0.11,-2.17
2014-05-29,4.63,5.0,4.37,4.8,2396,-0.15,-3.03
2014-05-30,6.45,6.587,5.33,5.4,20921,0.6,12.5
2014-06-02,5.69,5.75,5.03,5.16,7092,-0.24,-4.44
2014-06-03,5.29,5.465,5.17,5.35,4501,0.19,3.68
2014-06-04,5.1,6.16,5.1,5.65,4157,0.3,5.61
2014-06-05,5.648,5.96,5.42,5.59,2628,-0.06,-1.06
2014-06-06,5.44,5.75,5.17,5.17,3142,-0.42,-7.51
2014-06-09,5.0,5.65,5.0,5.09,9559,-0.08,-1.55
2014-06-10,5.35,5.93,5.1,5.3,6900,0.21,4.13
2014-06-11,5.33,5.37,5.3,5.3,3215,0.0,0.0
2014-06-12,5.3,5.55,5.3,5.31,1230,0.01,0.19
2014-06-13,5.31,5.31,5.31,5.31,100,0.0,0.0
2014-06-16,5.21,5.25,5.21,5.25,902,-0.06,-1.13
2014-06-17,5.25,5.465,5.08,5.2,1425,-0.05,-0.95
2014-06-18,5.05,5.21,5.05,5.21,363,0.01,0.19
2014-06-19,5.17,5.17,5.17,5.17,300,-0.04,-0.77
2014-06-20,5.05,5.086,4.5,4.84,6112,-0.33,-6.38
2014-06-23,5.0,5.0,4.456,4.689,6265,-0.15,-3.1
2014-06-24,4.69,7.61,4.69,6.79,219791,2.1,44.78
2014-06-25,6.7,6.88,6.0,6.4,37374,-0.39,-5.74
2014-06-26,5.16,5.98,4.52,5.5,59955,-0.9,-14.06
2014-06-27,5.44,5.56,4.86,5.26,25054,-0.24,-4.36
2014-06-30,5.26,7.1,5.01,5.84,40420,0.58,11.03
2014-07-01,5.56,6.93,5.55,6.559,22219,0.72,12.33
2014-07-02,6.82,6.83,6.16,6.37,10951,-0.19,-2.9
2014-07-03,6.447,9.5,5.662,7.26,83278,0.89,13.97
2014-07-07,7.78,7.78,5.96,6.465,70717,-0.79,-10.88
2014-07-08,6.45,6.6,5.88,5.91,11280,-0.56,-8.66
2014-07-09,5.97,6.849,5.97,6.25,9859,0.34,5.75
2014-07-10,6.04,6.24,6.0,6.16,2573,-0.09,-1.44
2014-07-11,6.02,6.249,6.01,6.05,2052,-0.11,-1.79
2014-07-14,6.076,6.076,5.95,5.95,508,-0.1,-1.65
2014-07-15,6.44,6.44,6.01,6.38,6004,0.43,7.23
2014-07-16,6.34,6.34,6.0,6.29,1020,-0.09,-1.41
2014-07-17,6.33,6.706,6.04,6.31,8089,0.02,0.32
2014-07-18,6.0,6.41,6.0,6.41,3107,0.1,1.58
2014-07-21,6.24,6.42,6.05,6.24,3240,-0.17,-2.65
2014-07-22,5.98,6.55,5.98,6.55,610,0.31,4.97
2014-07-23,6.43,6.48,6.05,6.15,5316,-0.4,-6.11
2014-07-24,6.192,6.67,5.95,5.98,8730,-0.17,-2.76
2014-07-25,6.7,6.7,5.62,5.761,19038,-0.22,-3.68
2014-07-28,5.9,5.9,5.62,5.62,1894,-0.14,-2.43
2014-07-29,5.7,5.8,5.19,5.44,3106,-0.18,-3.2
2014-07-30,5.55,5.61,5.55,5.61,1035,0.17,3.12
2014-07-31,5.54,5.54,5.54,5.54,100,-0.07,-1.25
2014-08-01,5.44,5.44,5.07,5.2,1381,-0.34,-6.14
2014-08-04,5.57,5.57,5.08,5.32,13482,0.12,2.31
2014-08-05,5.3,5.51,5.06,5.06,2985,-0.26,-4.89
2014-08-06,5.01,5.68,4.59,4.95,5415,-0.11,-2.17
2014-08-07,4.82,4.82,4.79,4.808,2954,-0.14,-2.83
2014-08-08,4.4,4.75,4.01,4.75,4870,-0.06,-1.25
2014-08-11,5.0,5.0,4.89,4.95,3513,0.2,4.21
2014-08-13,5.06,5.13,5.0,5.0,946,0.05,1.01
2014-08-14,4.5,4.5,4.257,4.28,2445,-0.72,-14.4
2014-08-15,4.48,4.48,4.43,4.48,320,0.2,4.67
2014-08-18,4.31,4.5,4.11,4.455,5065,-0.02,-0.45
2014-08-19,4.5,4.74,4.4,4.42,2091,-0.04,-0.9
2014-08-20,4.34,4.499,4.16,4.33,1472,-0.09,-2.04
2014-08-21,4.584,4.897,4.31,4.6,6279,0.27,6.24
2014-08-22,4.3,4.85,4.3,4.85,1895,0.25,5.43
2014-08-25,4.42,5.229,4.42,5.0,2320,0.15,3.09
2014-08-26,5.0,5.0,4.91,4.989,1045,-0.01,-0.2
2014-08-27,4.92,4.92,4.92,4.92,100,-0.07,-1.4
2014-08-28,4.84,4.84,4.84,4.84,100,-0.08,-1.63
2014-08-29,5.0,5.0,4.88,4.91,394,0.07,1.45
2014-09-02,5.507,5.51,5.0,5.0,804,0.09,1.83
2014-09-03,4.7,5.12,4.5,4.5,9000,-0.5,-10.0
2014-09-04,4.5,4.5,4.5,4.5,319,0.27,6.48
2014-09-05,4.39,4.49,4.39,4.49,500,-0.01,-0.22
2014-09-08,4.43,4.43,4.43,4.43,166,-0.06,-1.34
2014-09-09,4.629,4.629,4.4,4.4,338,-0.03,-0.68
2014-09-10,4.2,4.229,4.2,4.229,454,,
2014-09-11,4.287,4.429,4.287,4.41,1630,,
2014-09-12,4.16,4.19,4.15,4.19,710,,
2014-09-15,4.15,4.15,4.15,4.15,300,,
2014-09-16,4.1,4.418,4.04,4.16,16245,0.01,0.24
2014-09-17,4.15,4.15,4.15,4.15,866,-0.33,-9.46
2014-09-18,4.0,4.0,4.0,4.0,1250,,
2014-09-19,4.0,4.0,3.22,3.49,21956,,
2014-09-22,3.339,3.339,3.339,3.339,2006,,
2014-09-23,3.2,3.48,3.15,3.16,4472,-0.18,-5.39
2014-09-25,2.94,3.049,2.57,3.049,23157,-0.11,-3.48
2014-09-29,2.86,3.05,2.672,3.05,586,,
2014-10-01,3.05,3.05,2.74,2.95,2464,,
2014-10-02,2.717,3.199,2.7,2.95,2110,,
2014-10-03,2.9,2.9,2.84,2.85,886,,
2014-10-10,2.74,2.74,2.27,2.45,5880,-0.4,-14.03
2014-10-13,2.45,2.6,2.4,2.56,11585,0.11,4.49
2014-10-14,2.371,2.68,2.371,2.42,6291,-0.14,-5.47
2014-10-15,2.39,2.59,2.38,2.53,7506,0.11,4.55
2014-10-16,2.5,2.739,2.4,2.62,6700,0.09,3.56
2014-10-17,2.4,2.705,2.4,2.669,6040,0.05,1.9
2014-10-20,2.67,2.82,2.67,2.82,2190,0.18,6.44
2014-10-21,2.86,2.86,2.84,2.84,500,,
2014-10-22,3.089,3.089,3.061,3.061,400,,
2014-10-23,3.0,3.05,2.84,3.05,1062,,
2014-10-24,2.82,2.989,2.82,2.989,400,,
2014-10-27,2.96,2.98,2.96,2.98,1097,,
2014-10-29,2.8,2.979,2.8,2.979,540,,
2014-10-30,2.966,2.966,2.966,2.966,1000,,
2014-10-31,2.79,2.79,2.79,2.79,500,,
2014-11-03,2.77,2.989,2.75,2.96,3345,0.17,6.09
2014-11-04,3.0,3.1,2.61,2.84,12610,-0.12,-4.05
2014-11-05,2.99,3.009,2.66,2.85,8182,0.01,0.35
2014-11-06,2.87,2.89,2.87,2.89,1080,0.04,1.4
2014-11-07,2.88,2.89,2.88,2.89,1200,-0.24,-8.34
2014-11-10,2.78,2.88,2.78,2.796,780,,
2014-11-11,2.537,2.889,2.537,2.889,300,,
2014-11-12,2.649,2.78,2.649,2.747,1300,-0.14,-4.93
2014-11-13,2.801,2.85,2.801,2.85,809,-0.02,-0.83
2014-11-14,2.9,2.9,2.9,2.9,600,,
2014-11-18,2.76,2.849,2.741,2.849,1203,,
2014-11-19,2.74,2.833,2.65,2.8,2391,,
2014-11-20,2.726,2.869,2.63,2.869,1455,,
2014-11-25,2.84,2.87,2.84,2.846,1496,,
2014-12-01,2.666,2.85,2.45,2.719,2578,-0.01,-0.34
2014-12-02,3.079,3.079,3.079,3.079,132,,
2014-12-03,3.0,3.0,3.0,3.0,102,,
2014-12-05,2.77,2.901,2.77,2.901,1454,,
2014-12-09,2.47,2.984,2.02,2.469,6488,,
2014-12-10,2.637,2.637,2.637,2.637,300,,
2014-12-11,2.28,2.7,2.28,2.7,550,,
2014-12-16,2.4,3.0,2.4,3.0,1335,,
2014-12-17,2.66,2.94,2.65,2.94,1800,,
2014-12-22,2.5,2.929,2.45,2.929,425,,
2014-12-23,2.89,3.19,2.48,3.19,30176,0.26,8.88
2014-12-24,2.81,3.05,2.5,2.809,24450,-0.38,-11.92
2014-12-26,2.82,3.02,2.58,2.58,23685,-0.23,-8.18
2014-12-29,2.69,2.7,2.6,2.6,2555,0.02,0.78
2014-12-30,2.5,2.62,2.4,2.619,2654,0.21,8.75
2014-12-31,2.4,2.619,2.4,2.455,4787,-0.17,-6.29
2015-01-02,2.62,2.62,2.58,2.589,3150,0.14,5.49
2015-01-05,2.58,2.61,2.4,2.42,3550,-0.17,-6.56
2015-01-06,2.42,2.42,2.42,2.42,200,0.0,0.0
2015-01-07,2.42,2.609,2.42,2.609,1734,0.19,7.85
2015-01-08,2.462,2.462,2.462,2.462,500,-0.15,-5.65
2015-01-12,2.58,2.62,2.58,2.62,1217,0.2,8.26
2015-01-14,2.65,3.9,2.65,3.22,41218,0.6,22.9
2015-01-15,3.41,5.9,3.41,4.12,402542,0.9,27.95
2015-01-16,4.0,4.165,3.119,3.35,66895,-0.77,-18.69
2015-01-20,3.77,3.98,3.33,3.33,12609,-0.02,-0.6
2015-01-21,3.44,3.488,3.05,3.16,18904,-0.17,-5.11
2015-01-22,3.16,3.24,3.15,3.15,8680,-0.01,-0.32
2015-01-23,3.05,3.222,3.0,3.138,5060,-0.01,-0.38
2015-01-26,3.36,5.5,3.15,4.85,193823,1.71,54.56
2015-01-27,4.86,4.93,4.2,4.43,38300,-0.42,-8.66
2015-01-28,4.4,4.6,4.15,4.325,8240,-0.1,-2.35
2015-01-29,4.55,4.55,4.33,4.434,10216,0.11,2.5
2015-01-30,4.4,5.25,4.07,4.6,30779,0.17,3.74
2015-02-02,5.0,5.0,4.21,4.23,13327,-0.37,-8.04
2015-02-03,4.21,4.51,3.75,4.24,17727,0.01,0.24
2015-02-04,4.19,4.7,4.15,4.334,4666,0.09,2.22
2015-02-05,4.17,4.25,4.15,4.16,6136,-0.17,-4.01
2015-02-06,4.19,4.299,4.1,4.1,18561,-0.06,-1.44
2015-02-09,4.1,4.15,4.0,4.07,2378,-0.03,-0.73
2015-02-10,4.1,4.369,4.1,4.2,2221,0.13,3.21
2015-02-11,4.199,4.199,4.199,4.199,159,0.0,-0.01
2015-02-12,4.21,4.339,4.11,4.17,3718,-0.03,-0.71
2015-02-13,4.05,4.2,4.05,4.2,2840,0.03,0.72
2015-02-17,4.01,4.01,4.01,4.01,110,-0.19,-4.52
2015-02-18,4.169,4.169,4.05,4.05,299,0.04,0.99
2015-02-19,4.01,4.05,3.72,3.72,10244,-0.33,-8.15
2015-02-20,3.51,3.55,3.35,3.38,16470,-0.34,-9.14
2015-02-23,3.37,3.65,3.36,3.539,3599,0.16,4.7
2015-02-24,3.539,3.549,3.539,3.549,5053,0.01,0.31
2015-02-25,3.37,3.37,2.97,3.37,13983,-0.18,-5.07
2015-02-26,3.12,3.4,3.12,3.3,4162,-0.07,-2.07
2015-02-27,3.31,3.31,3.115,3.18,300,-0.12,-3.64
2015-03-03,3.03,3.04,3.017,3.03,2995,-0.15,-4.72
2015-03-04,3.05,3.05,3.0,3.04,2421,0.01,0.33
2015-03-05,3.001,3.15,3.0,3.15,2555,0.11,3.62
2015-03-06,3.25,3.25,3.0,3.02,756,-0.23,-7.62
2015-03-09,3.0,3.0,2.67,2.789,2767,,
2015-03-10,2.78,2.78,2.7,2.759,6826,-0.03,-1.08
2015-03-11,2.7,2.788,2.4,2.61,6368,-0.15,-5.43
2015-03-12,2.6,2.6,2.55,2.55,740,-0.06,-2.3
2015-03-13,2.55,2.565,2.5,2.51,2155,-0.04,-1.57
2015-03-16,2.45,2.61,2.45,2.61,1368,0.1,3.98
2015-03-17,2.649,2.8,2.61,2.79,11312,0.18,6.9
2015-03-18,2.809,3.1,2.79,3.09,10000,0.3,10.75
2015-03-19,3.09,3.17,3.08,3.17,1830,0.08,2.59
2015-03-20,3.17,3.399,3.09,3.09,4141,-0.08,-2.52
2015-03-23,3.09,3.399,3.09,3.399,914,-0.41,-12.06
2015-03-25,2.99,2.99,2.99,2.99,100,,
2015-03-26,2.77,2.83,2.77,2.81,714,-0.18,-6.02
2015-03-27,2.76,2.76,2.76,2.76,233,-0.05,-1.78
2015-03-31,2.841,3.0,2.841,3.0,4031,0.24,8.7
2015-04-01,3.0,3.19,3.0,3.12,1500,0.12,4.0
2015-04-02,3.4,3.65,3.3,3.3,334,0.18,5.77
2015-04-06,3.6,3.6,3.13,3.13,1366,-0.17,-5.15
2015-04-07,3.288,3.288,3.12,3.12,455,-0.01,-0.32
2015-04-08,4.15,7.88,4.15,6.19,571634,3.07,98.4
2015-04-09,5.69,6.01,5.1,5.37,108587,-0.82,-13.25
2015-04-10,5.35,6.1,5.21,5.69,75053,0.32,5.96
2015-04-13,5.74,7.39,5.6,5.66,231410,-0.03,-0.53
2015-04-14,5.65,6.46,5.4,6.26,89725,0.5,8.83
2015-04-15,6.12,6.41,5.61,5.87,13890,,
2015-04-16,6.41,6.41,5.73,5.89,7497,-0.11,-1.83
2015-04-17,5.53,5.719,5.16,5.55,11233,-0.29,-4.92
2015-04-20,5.06,5.97,5.06,5.2,29198,-0.4,-7.14
2015-04-21,5.25,5.25,5.05,5.07,15689,-0.13,-2.5
2015-04-22,5.06,5.06,4.66,4.782,4707,-0.34,-6.71
2015-04-23,4.72,4.87,4.57,4.63,7391,-0.15,-3.17
2015-04-24,4.57,5.74,4.57,5.489,31635,0.86,18.56
2015-04-27,5.52,5.729,4.82,5.46,16543,-0.03,-0.54
2015-04-28,5.28,5.36,4.83,4.99,10370,-0.47,-8.61
2015-04-29,4.86,5.179,4.63,4.97,6572,-0.02,-0.4
2015-04-30,4.85,4.97,4.7,4.7,1764,-0.27,-5.43
2015-05-01,4.61,4.97,4.61,4.97,309,0.27,5.74
2015-05-04,4.97,4.97,4.56,4.71,1783,-0.26,-5.23
2015-05-05,4.75,4.75,4.53,4.54,3513,-0.17,-3.61
2015-05-06,4.52,4.52,4.09,4.2,14544,-0.34,-7.49
2015-05-07,4.29,4.4,4.13,4.22,7438,0.02,0.48
2015-05-08,4.351,4.4,3.86,3.93,4414,-0.29,-6.87
2015-05-11,3.98,4.199,3.98,4.199,556,0.27,6.87
2015-05-12,4.157,4.27,4.08,4.25,10604,0.05,1.19
2015-05-13,4.25,4.34,4.17,4.34,1952,0.09,2.12
2015-05-15,4.52,4.52,4.52,4.52,100,0.18,4.15
2015-05-18,4.6,4.95,4.26,4.26,9007,-0.26,-5.75
2015-05-19,4.38,4.38,4.0,4.05,8030,-0.21,-4.93
2015-05-20,4.08,4.08,3.25,3.73,29707,-0.32,-7.9
2015-05-21,3.62,3.68,3.5,3.68,6728,-0.05,-1.34
2015-05-22,3.769,3.84,3.67,3.84,18295,0.16,4.35
2015-05-26,3.7,4.1,3.55,4.0,8334,0.16,4.17
2015-05-27,3.92,3.99,3.7,3.88,14439,-0.12,-3.0
2015-05-28,3.85,3.85,3.81,3.84,1425,-0.04,-1.03
2015-05-29,3.91,4.7,3.66,4.42,35488,0.58,15.1
2015-06-01,4.5,4.5,4.09,4.2,2181,-0.22,-4.98
2015-06-03,4.3,4.3,4.3,4.3,203,0.1,2.38
2015-06-04,4.05,4.05,4.01,4.01,3843,-0.29,-6.74
2015-06-05,4.0,4.02,3.98,3.98,4578,-0.03,-0.75
2015-06-08,3.951,4.098,3.89,4.06,5422,0.08,2.01
2015-06-09,3.95,4.16,3.827,4.0,6906,-0.06,-1.48
2015-06-10,4.149,4.149,4.09,4.09,374,0.09,2.25
2015-06-11,4.19,4.38,4.12,4.2,4377,0.11,2.69
2015-06-12,4.3,5.059,4.2,4.68,34209,0.48,11.43
2015-06-15,4.654,5.75,4.62,5.25,47461,0.57,12.18
2015-06-16,5.42,5.8,5.29,5.46,19408,0.21,4.0
2015-06-17,5.3,6.6,4.81,6.3,44293,0.84,15.38
2015-06-18,6.4,6.4,5.89,5.94,14505,-0.36,-5.71
2015-06-19,5.81,6.04,5.507,5.51,6953,-0.43,-7.24
2015-06-22,5.489,5.489,5.0,5.0,3636,-0.51,-9.26
2015-06-23,4.88,5.059,4.675,5.03,10499,0.03,0.6
2015-06-24,4.84,5.16,4.61,5.16,9771,0.13,2.58
2015-06-25,4.84,5.219,4.62,4.95,14133,-0.21,-4.07
2015-06-26,4.71,4.76,4.62,4.76,907,-0.19,-3.84
2015-06-29,4.62,4.75,4.27,4.57,7450,-0.19,-3.99
2015-06-30,4.58,4.859,4.34,4.62,6139,0.05,1.09
2015-07-01,4.49,4.73,4.37,4.5,9102,-0.12,-2.6
2015-07-02,4.9,4.96,4.63,4.63,6438,0.13,2.89
2015-07-06,4.368,4.789,4.26,4.26,11018,-0.37,-7.99
2015-07-07,4.7,4.7,3.5,3.78,16192,-0.5,-11.74
2015-07-08,3.54,3.69,3.35,3.39,17014,-0.39,-10.32
2015-07-09,3.789,4.872,3.461,4.519,135066,1.13,33.3
2015-07-10,7.12,7.696,5.49,5.8,2797204,1.28,28.32
2015-07-13,5.37,5.64,5.01,5.04,156269,-0.76,-13.1
2015-07-14,4.91,5.03,4.75,4.818,18491,-0.22,-4.4
2015-07-15,4.8,4.919,4.68,4.85,17855,0.03,0.62
2015-07-16,5.09,5.67,5.08,5.61,23538,0.76,15.67
2015-07-17,5.61,5.789,5.2,5.769,42880,0.16,2.85
2015-07-20,5.94,5.94,5.4,5.65,24031,-0.12,-2.08
2015-07-21,5.53,6.61,5.53,6.04,104176,0.39,6.9
2015-07-22,6.02,6.14,5.76,5.86,25723,-0.18,-2.98
2015-07-23,5.83,6.2,5.78,5.85,10146,-0.01,-0.17
2015-07-24,5.71,5.83,5.71,5.71,4273,-0.14,-2.39
2015-07-27,5.56,5.56,5.25,5.34,9715,-0.37,-6.48
2015-07-28,5.63,5.729,5.31,5.33,4711,-0.01,-0.19
2015-07-29,5.57,5.579,5.408,5.47,2833,0.14,2.63
2015-07-30,6.12,6.12,5.38,5.85,8211,0.38,6.95
2015-07-31,5.56,5.86,5.56,5.62,1718,-0.23,-3.93
2015-08-03,5.33,5.61,5.0,5.0,17632,-0.62,-11.03
2015-08-04,5.17,5.17,4.65,4.65,5403,-0.35,-7.0
2015-08-05,4.71,5.15,4.6,4.66,23468,0.01,0.21
2015-08-06,4.582,4.95,4.582,4.72,52629,0.06,1.29
2015-08-07,4.76,4.763,4.72,4.72,2581,0.0,0.0
2015-08-10,4.73,4.9,4.59,4.677,4522,-0.04,-0.91
2015-08-11,4.58,4.59,4.21,4.4,11770,-0.28,-5.93
2015-08-12,4.28,4.54,3.88,3.94,14403,-0.46,-10.45
2015-08-13,4.33,4.349,4.0,4.239,42927,0.3,7.61
2015-08-14,4.23,4.315,4.07,4.07,15058,-0.17,-4.01
2015-08-17,4.179,4.303,4.061,4.297,6146,0.23,5.59
2015-08-18,4.48,4.59,4.12,4.22,7620,-0.08,-1.8
2015-08-19,4.29,4.3,4.13,4.14,1342,-0.08,-1.9
2015-08-20,4.14,4.3,4.14,4.14,3734,0.0,0.0
2015-08-21,4.1,4.446,3.4,4.06,23213,-0.08,-1.93
2015-08-24,3.92,4.049,3.6,4.049,19571,-0.01,-0.25
2015-08-25,3.95,4.05,3.663,4.049,5368,0.0,0.0
2015-08-27,3.882,3.9,3.75,3.82,1248,-0.23,-5.68
2015-08-28,3.74,4.15,3.74,3.92,3449,0.1,2.62
2015-09-01,4.189,4.189,3.51,3.54,3490,-0.38,-9.69
2015-09-03,3.65,3.982,3.53,3.72,11316,0.18,5.08
2015-09-04,3.8,4.19,3.8,4.12,13199,0.4,10.75
2015-09-08,4.2,4.2,3.85,4.1,2425,-0.02,-0.49
2015-09-09,4.08,4.08,4.08,4.08,806,-0.02,-0.49
2015-09-10,3.96,4.189,3.96,4.0,1891,-0.08,-1.96
2015-09-11,4.08,4.08,4.0,4.03,4845,0.03,0.75
2015-09-14,4.05,4.15,3.95,4.15,2725,0.12,2.98
2015-09-15,4.18,4.19,4.16,4.19,2434,0.04,0.96
2015-09-16,4.07,4.12,3.96,4.089,2208,-0.1,-2.39
2015-09-17,4.01,4.159,3.98,4.09,2222,0.0,0.0
2015-09-18,4.159,4.159,3.99,4.0,2542,-0.09,-2.2
2015-09-21,4.149,4.149,4.13,4.13,296,0.13,3.25
2015-09-22,4.0,4.0,4.0,4.0,590,-0.13,-3.15
2015-09-23,4.01,4.01,3.94,3.94,436,-0.06,-1.5
2015-09-25,3.94,3.94,3.94,3.94,285,0.0,0.0
2015-09-28,3.93,3.93,3.93,3.93,226,-0.01,-0.25
2015-09-29,3.93,3.99,3.7,3.85,3205,-0.08,-2.04
2015-09-30,3.72,3.803,3.646,3.72,5974,-0.13,-3.38
2015-10-02,3.76,3.939,3.74,3.939,1375,0.22,5.91
2015-10-05,3.82,3.82,3.689,3.69,1679,-0.25,-6.34
2015-10-06,3.7,3.799,3.66,3.71,7014,0.02,0.54
2015-10-07,3.5,3.96,3.5,3.96,6794,0.25,6.74
2015-10-08,3.95,4.15,3.77,4.05,10558,0.09,2.27
2015-10-09,3.989,4.14,3.98,4.13,11505,0.08,1.98
2015-10-12,4.01,4.4,3.901,4.13,31836,0.0,0.0
2015-10-13,3.96,4.1,3.74,3.9,13609,-0.23,-5.57
2015-10-14,3.95,3.95,3.84,3.86,1122,-0.04,-1.03
2015-10-15,3.82,4.11,3.82,3.99,3668,0.13,3.37
2015-10-16,4.06,4.06,3.77,3.889,5905,-0.1,-2.54
2015-10-19,3.8,3.8,3.5,3.6,13976,-0.29,-7.43
2015-10-20,3.68,3.68,3.6,3.6,767,0.0,0.0
2015-10-21,3.55,3.55,3.4,3.454,4421,-0.15,-4.06
2015-10-22,3.41,3.42,3.36,3.361,3446,-0.09,-2.69
2015-10-23,3.594,3.696,3.594,3.696,2039,0.34,9.98
2015-10-26,3.752,3.752,3.752,3.752,441,0.06,1.5
2015-10-27,3.51,3.6,3.46,3.46,13706,-0.29,-7.78
2015-10-28,3.53,3.8,3.46,3.51,9605,0.05,1.45
2015-10-29,3.55,3.59,3.51,3.51,2358,0.0,0.0
2015-10-30,3.69,3.69,3.51,3.51,291,0.0,0.0
2015-11-02,3.61,3.61,3.411,3.49,2511,-0.02,-0.57
2015-11-03,3.5,3.57,3.471,3.57,4368,0.08,2.29
2015-11-04,3.57,3.571,3.4,3.57,2362,0.0,0.0
2015-11-05,3.5,3.5,3.39,3.39,3886,-0.18,-5.04
2015-11-06,3.4,3.4,3.38,3.38,2143,-0.01,-0.29
2015-11-09,3.49,3.49,3.36,3.36,2187,-0.02,-0.59
2015-11-10,3.23,3.268,3.2,3.2,2124,-0.16,-4.76
2015-11-11,3.21,3.238,3.21,3.231,945,0.03,0.97
2015-11-12,3.33,3.48,3.33,3.385,1078,0.15,4.77
2015-11-13,3.43,3.43,3.28,3.28,1782,-0.11,-3.1
2015-11-16,3.26,3.29,3.21,3.21,1231,-0.07,-2.13
2015-11-17,3.32,3.32,3.24,3.24,303,0.03,0.93
2015-11-18,3.24,3.24,3.01,3.02,9133,-0.22,-6.79
2015-11-19,3.13,3.13,3.01,3.01,902,-0.01,-0.33
2015-11-20,3.19,3.36,3.15,3.17,8205,0.16,5.32
2015-11-23,3.12,3.12,2.93,3.04,7103,-0.13,-4.1
2015-11-24,2.97,2.97,2.73,2.94,9532,-0.1,-3.29
2015-11-25,2.94,3.67,2.94,3.38,48088,0.44,14.97
2015-11-27,3.5,3.5,2.94,3.09,85570,-0.29,-8.58
2015-11-30,3.0,3.04,2.91,2.989,12664,-0.1,-3.28
2015-12-01,3.021,4.85,3.021,4.38,148654,1.39,46.55
2015-12-02,4.54,4.54,3.5,3.5,58329,-0.88,-20.09
2015-12-03,3.98,3.98,3.44,3.47,11809,-0.03,-0.86
2015-12-04,3.32,3.48,3.3,3.48,15226,0.01,0.29
2015-12-07,3.43,3.48,3.32,3.39,11056,-0.09,-2.59
2015-12-08,3.36,3.64,3.31,3.59,5467,0.2,5.9
2015-12-09,3.442,3.681,3.442,3.51,8985,-0.08,-2.23
2015-12-10,3.33,3.4,3.19,3.384,24840,-0.13,-3.6
2015-12-11,3.42,3.42,3.16,3.16,3793,-0.22,-6.61
2015-12-14,3.03,3.2,3.02,3.08,19574,-0.08,-2.53
2015-12-15,3.01,3.12,2.87,3.11,27169,0.03,0.97
2015-12-16,3.12,3.182,2.989,3.004,14906,-0.11,-3.41
2015-12-17,3.0,3.03,2.91,3.03,16388,0.03,0.87
2015-12-18,3.0,3.09,3.0,3.06,3627,0.03,0.99
2015-12-21,3.15,3.23,3.02,3.02,6258,-0.04,-1.3
2015-12-22,3.046,3.05,3.02,3.05,1504,0.03,0.99
2015-12-23,2.92,3.39,2.92,3.39,7552,0.34,11.14
2015-12-24,3.33,3.33,3.33,3.33,827,-0.06,-1.77
2015-12-28,3.53,3.76,3.244,3.4,5776,0.07,2.1
2015-12-29,3.39,3.41,3.325,3.38,4143,-0.02,-0.59
2015-12-30,3.36,3.53,3.26,3.3,9055,-0.08,-2.37
2015-12-31,3.25,3.38,3.25,3.38,780,0.08,2.42
2016-01-04,3.349,3.349,3.26,3.26,1775,-0.12,-3.55
2016-01-05,3.48,3.5,3.3,3.37,5546,0.11,3.37
2016-01-06,3.34,3.34,3.34,3.34,342,,
2016-01-07,3.45,3.45,3.214,3.214,5874,-0.13,-3.77
2016-01-08,3.1,3.39,3.1,3.21,5550,0.0,-0.12
2016-01-11,3.39,3.39,3.2,3.2,3956,-0.01,-0.31
2016-01-12,3.3,3.38,3.206,3.268,12842,0.07,2.11
2016-01-13,3.2,3.36,3.2,3.201,12793,-0.07,-2.05
2016-01-14,3.22,3.38,3.2,3.289,4942,0.09,2.75
2016-01-15,3.2,3.2,3.06,3.07,9823,-0.22,-6.65
2016-01-19,3.25,3.35,3.0,3.0,21562,-0.07,-2.28
2016-01-20,4.36,5.7,3.5,3.6,1505390,0.6,20.0
2016-01-21,3.3,3.598,2.94,3.19,147877,-0.41,-11.39
2016-01-22,3.17,3.31,3.12,3.19,15737,0.0,0.0
2016-01-25,3.12,3.176,2.9,2.9,13705,-0.29,-9.09
2016-01-26,2.9,2.9,2.67,2.77,20937,-0.13,-4.48
2016-01-27,2.83,3.18,2.67,2.77,10576,0.0,0.0
2016-01-28,2.7,2.81,2.6,2.62,22137,-0.15,-5.42
2016-01-29,2.6,2.73,2.587,2.69,13765,0.07,2.67
2016-02-01,2.61,2.96,2.61,2.76,25583,0.07,2.6
2016-02-02,2.77,2.77,2.61,2.61,23434,-0.15,-5.43
2016-02-03,2.84,2.91,2.05,2.2,77322,-0.41,-15.71
2016-02-04,2.27,2.3,2.25,2.29,5552,0.09,4.09
2016-02-05,2.26,2.26,2.12,2.12,7770,-0.17,-7.42
2016-02-08,2.3,2.32,2.13,2.13,7095,0.01,0.47
2016-02-09,2.132,2.26,2.1,2.25,3984,0.12,5.63
2016-02-10,2.16,2.28,2.15,2.16,4863,-0.09,-4.0
2016-02-11,2.28,2.41,2.11,2.23,17870,0.07,3.24
2016-02-12,2.32,2.35,2.09,2.19,15373,-0.04,-1.79
2016-02-16,2.2,2.31,2.2,2.31,1372,0.12,5.48
2016-02-17,2.29,2.31,2.22,2.31,1208,0.0,0.0
2016-02-18,2.28,2.28,2.25,2.28,1282,-0.03,-1.3
2016-02-19,2.31,2.57,2.26,2.42,27118,0.14,6.14
2016-02-22,2.6,2.71,2.25,2.46,16058,0.04,1.65
2016-02-23,2.46,2.507,2.38,2.38,2932,-0.08,-3.25
2016-02-24,2.27,2.31,2.12,2.28,5221,-0.1,-4.21
2016-02-25,2.25,2.351,2.25,2.34,921,0.06,2.63
2016-02-29,2.354,2.424,2.351,2.38,3686,0.04,1.71
2016-03-01,2.28,2.45,2.28,2.45,1979,0.07,2.94
2016-03-02,2.4,2.4,2.17,2.38,7689,-0.07,-2.85
2016-03-03,2.329,2.35,2.19,2.23,5686,-0.15,-6.3
2016-03-04,2.22,2.32,2.171,2.32,5225,0.09,4.04
2016-03-07,2.26,2.42,2.22,2.32,9627,0.0,0.0
2016-03-08,2.36,2.37,2.33,2.33,1500,0.01,0.43
2016-03-09,2.28,2.45,2.28,2.45,2185,0.12,5.15
2016-03-10,2.28,2.371,2.28,2.371,1070,-0.08,-3.24
2016-03-11,2.28,2.4,2.28,2.39,1878,0.02,0.82
2016-03-16,2.41,2.45,2.35,2.45,775,0.06,2.51
2016-03-17,2.47,2.47,2.45,2.45,1525,0.0,0.0
2016-03-18,2.449,2.449,2.449,2.449,4324,0.0,-0.06
2016-03-21,2.35,2.46,2.3,2.38,8011,-0.07,-2.8
2016-03-22,2.385,2.46,2.35,2.35,790,-0.03,-1.26
2016-03-23,2.374,2.374,2.341,2.341,349,-0.01,-0.41
2016-03-24,2.449,2.45,2.38,2.39,4446,0.05,2.11
2016-03-28,2.32,2.32,2.32,2.32,236,-0.07,-2.93
2016-03-29,2.3,2.39,2.3,2.37,3762,0.05,2.16
2016-03-30,2.34,2.34,2.2,2.28,7425,-0.09,-3.8
2016-03-31,2.3,2.365,2.25,2.26,4468,-0.02,-0.88
2016-04-01,2.3,2.32,2.3,2.32,238,0.06,2.65
2016-04-04,2.404,2.469,2.38,2.382,12304,0.06,2.65
2016-04-06,2.182,2.24,2.182,2.22,3256,-0.16,-6.78
2016-04-07,2.213,2.25,2.2,2.23,10039,0.01,0.45
2016-04-11,2.19,2.26,2.19,2.21,2154,-0.02,-0.9
2016-04-12,2.195,2.457,2.195,2.3,1171,0.09,4.07
2016-04-13,2.31,2.31,2.29,2.29,1160,-0.01,-0.43
2016-04-15,2.29,2.29,2.29,2.29,1831,0.0,0.0
2016-04-18,2.282,2.42,2.282,2.419,4274,0.13,5.61
2016-04-19,2.35,2.43,2.329,2.43,3225,0.01,0.47
2016-04-20,2.321,2.321,2.28,2.28,5348,-0.15,-6.17
2016-04-22,2.25,2.25,2.25,2.25,481,-0.03,-1.31
2016-04-25,2.26,2.35,2.26,2.32,515,0.07,3.11
2016-04-27,2.35,2.35,2.26,2.286,607,-0.03,-1.45
2016-04-28,2.25,2.302,2.24,2.302,932,0.02,0.69
2016-04-29,2.41,2.41,2.41,2.41,153,0.11,4.69
2016-05-02,2.4,2.4,2.4,2.4,261,-0.01,-0.41
2016-05-03,2.4,2.4,2.4,2.4,196,0.0,0.0
2016-05-04,2.302,2.31,2.3,2.3,1806,-0.1,-4.17
2016-05-05,2.31,2.31,2.257,2.257,1114,-0.04,-1.87
2016-05-06,2.24,2.39,2.24,2.39,649,0.13,5.89
2016-05-09,2.398,2.398,2.398,2.398,149,0.01,0.35
2016-05-11,2.38,2.38,2.3,2.3,3269,-0.1,-4.1
2016-05-12,2.318,2.318,2.318,2.318,120,0.02,0.77
2016-05-13,2.34,2.34,2.24,2.24,4304,-0.08,-3.35
2016-05-16,2.32,2.32,2.32,2.32,108,0.08,3.57
2016-05-17,2.36,2.36,2.36,2.36,114,,
2016-05-20,2.3,2.3,2.3,2.3,600,-0.06,-2.54
2016-05-23,2.3,2.3,2.3,2.3,677,0.0,0.0
2016-05-24,2.3,2.351,2.3,2.351,1806,0.05,2.2
2016-05-25,2.408,2.59,2.349,2.45,21806,0.1,4.23
2016-05-31,2.36,2.36,2.36,2.36,540,-0.09,-3.67
2016-06-01,2.58,2.6,2.41,2.415,8229,0.05,2.33
2016-06-02,2.59,2.59,2.58,2.59,1981,0.17,7.24
2016-06-03,2.6,2.6,2.463,2.463,1429,-0.13,-4.89
2016-06-06,2.47,2.6,2.467,2.57,4394,0.11,4.34
2016-06-07,2.58,3.21,2.58,2.86,55406,0.29,11.28
2016-06-08,2.97,2.97,2.74,2.74,10720,-0.12,-4.2
2016-06-09,2.887,2.887,2.74,2.74,2612,0.0,0.0
2016-06-10,2.74,2.74,2.6,2.67,5940,-0.07,-2.55
2016-06-13,2.76,2.76,2.645,2.68,3343,0.01,0.37
2016-06-14,2.59,2.67,2.59,2.6,1936,-0.08,-2.98
2016-06-15,2.67,2.67,2.62,2.62,530,0.02,0.77
2016-06-16,2.61,2.61,2.61,2.61,234,-0.01,-0.38
2016-06-17,2.584,2.72,2.584,2.615,3095,0.01,0.19
2016-06-20,2.88,2.88,2.72,2.72,2211,0.11,4.02
2016-06-22,2.65,2.87,2.65,2.842,2440,0.12,4.49
2016-06-23,2.83,2.85,2.81,2.85,4561,0.01,0.28
2016-06-24,2.688,2.69,2.45,2.47,9150,-0.38,-13.33
2016-06-27,2.52,2.52,2.5,2.5,1800,0.03,1.21
2016-06-28,2.57,2.68,2.57,2.66,1916,0.16,6.4
2016-06-29,2.85,3.43,2.718,3.1,126936,0.44,16.54
2016-06-30,1.34,1.98,1.15,1.97,483963,-1.13,-36.45
2016-07-01,1.92,1.92,1.65,1.752,40025,-0.22,-11.09
2016-07-05,1.74,1.85,1.65,1.75,13659,0.0,-0.09
2016-07-06,1.79,1.79,1.65,1.65,16430,-0.1,-5.72
2016-07-07,1.73,1.75,1.62,1.62,28891,-0.03,-1.82
2016-07-08,1.637,1.73,1.62,1.7,6813,0.08,4.94
2016-07-11,1.6,1.645,1.6,1.625,2691,-0.07,-4.41
2016-07-12,1.699,1.7,1.65,1.65,4136,0.02,1.53
2016-07-13,1.627,1.65,1.6,1.65,5967,0.0,0.0
2016-07-14,1.649,1.88,1.645,1.746,37834,0.1,5.81
2016-07-15,1.611,1.719,1.611,1.7,3888,-0.05,-2.62
2016-07-19,1.664,1.664,1.64,1.64,5485,-0.06,-3.53
2016-07-20,1.762,1.79,1.661,1.68,6104,0.04,2.44
2016-07-21,1.74,10.19,1.74,7.3,17214613,5.62,334.52
2016-07-22,10.99,13.85,9.16,10.2,8983067,2.9,39.73
2016-07-25,10.83,11.16,8.05,8.76,1294077,-1.44,-14.12
2016-07-26,8.42,10.88,8.02,9.75,1667407,0.99,11.3
2016-07-27,9.25,9.45,8.02,8.25,658693,-1.5,-15.38
2016-07-28,8.3,8.75,8.01,8.1,301578,-0.15,-1.82
2016-07-29,8.55,9.43,8.25,8.52,1008315,0.42,5.19
2016-08-01,8.8,8.8,6.89,7.8,303324,-0.72,-8.45
2016-08-02,7.66,8.0,7.13,7.8,174083,0.0,0.0
2016-08-03,7.7,8.22,7.181,7.8,118172,0.0,0.0
2016-08-04,7.7,7.73,7.18,7.62,58500,-0.18,-2.31
2016-08-05,7.5,8.65,7.389,7.59,262782,-0.03,-0.39
2016-08-08,7.5,7.9,7.15,7.21,49901,-0.38,-5.01
2016-08-09,7.5,8.0,7.0,7.79,76025,0.58,8.04
2016-08-10,7.69,8.75,7.49,7.68,86427,-0.11,-1.41
2016-08-11,8.2,8.2,7.42,7.66,31578,-0.02,-0.26
2016-08-12,7.96,8.293,7.5,7.65,64078,-0.01,-0.13
2016-08-15,7.5,8.0,7.26,7.31,33340,-0.34,-4.44
2016-08-16,7.3,7.58,6.23,6.364,73532,-0.95,-12.94
2016-08-17,6.38,6.64,5.9,6.1,54893,-0.26,-4.15
2016-08-18,5.89,6.27,5.6,5.7,35363,-0.4,-6.56
2016-08-19,5.57,5.77,5.201,5.48,30634,-0.22,-3.86
2016-08-22,5.32,6.0,5.25,5.53,30545,0.05,0.91
2016-08-23,5.3,5.88,5.3,5.7,17819,0.17,3.07
2016-08-24,5.694,5.694,5.25,5.29,22647,-0.41,-7.19
2016-08-25,5.28,5.4,4.99,5.21,25370,-0.08,-1.51
2016-08-26,5.225,5.4,5.2,5.2,7792,-0.01,-0.19
2016-08-29,5.26,7.24,5.13,6.26,1258803,1.06,20.38
2016-08-30,6.12,6.83,6.0,6.38,477901,0.12,1.92
2016-08-31,6.22,7.2,6.0,6.15,479407,-0.23,-3.61
2016-09-01,6.21,6.929,6.17,6.76,410449,0.61,9.92
2016-09-02,6.81,8.88,6.81,7.98,2864751,1.22,18.05
2016-09-06,7.95,8.6,7.2,7.29,320191,-0.69,-8.65
2016-09-07,7.22,7.65,7.11,7.37,132442,0.08,1.1
2016-09-08,7.25,7.25,6.9,7.05,71684,-0.32,-4.34
2016-09-09,6.97,7.15,6.5,6.8,35249,-0.25,-3.55
2016-09-12,6.56,6.685,6.16,6.59,51705,-0.21,-3.09
2016-09-13,6.63,6.64,6.2,6.2,23057,-0.39,-5.92
2016-09-14,6.42,6.99,6.25,6.31,56644,0.11,1.77
2016-09-15,6.19,6.57,6.17,6.53,16400,0.22,3.49
2016-09-16,6.42,6.499,6.17,6.38,9380,-0.15,-2.3
2016-09-19,6.41,7.4,6.41,6.644,96332,0.26,4.13
2016-09-20,6.7,6.7,6.25,6.25,28096,-0.39,-5.93
2016-09-21,6.32,6.32,5.74,6.06,31211,-0.19,-3.04
2016-09-22,6.22,6.22,5.911,6.17,14924,0.11,1.82
2016-09-23,6.13,6.35,6.01,6.3,8374,0.13,2.11
2016-09-26,6.14,6.56,5.97,6.296,16412,0.0,-0.06
2016-09-27,6.211,6.56,6.2,6.38,15786,0.08,1.33
2016-09-28,6.445,7.88,6.41,6.41,263934,0.03,0.47
2016-09-29,6.28,6.555,6.24,6.28,24121,-0.13,-2.03
2016-09-30,6.32,6.47,6.01,6.06,24122,-0.22,-3.5
2016-10-03,6.1,6.33,6.0,6.03,19074,-0.03,-0.5
2016-10-04,6.09,6.09,5.75,5.86,19310,-0.17,-2.82
2016-10-05,5.99,5.99,5.39,5.61,37215,-0.25,-4.27
2016-10-06,5.55,5.63,5.13,5.4,25059,-0.21,-3.74
2016-10-07,5.38,5.535,5.38,5.4,13279,0.0,0.0
2016-10-10,5.4,5.8,5.32,5.5,13561,0.1,1.85
2016-10-11,5.41,5.6,5.2,5.215,11887,-0.29,-5.18
2016-10-12,5.33,5.39,5.15,5.39,3462,0.18,3.36
2016-10-13,5.3,5.361,4.921,4.98,12002,-0.41,-7.61
2016-10-14,4.84,4.84,4.49,4.5,32978,-0.48,-9.64
2016-10-17,4.5,4.51,4.28,4.37,5999,-0.13,-2.89
2016-10-18,4.41,4.68,4.311,4.52,45597,0.15,3.43
2016-10-19,4.73,4.73,4.55,4.7,12720,0.18,3.98
2016-10-20,4.728,5.73,4.66,5.1,114844,0.4,8.51
2016-10-21,5.093,6.95,4.81,6.589,79952,1.49,29.2
2016-10-24,6.77,7.8,5.8,5.82,469264,-0.77,-11.67
2016-10-25,5.66,5.98,5.31,5.49,57198,-0.33,-5.67
2016-10-26,5.277,5.695,5.2,5.31,35436,-0.18,-3.28
2016-10-27,5.53,5.72,5.2,5.2,28815,-0.11,-2.07
2016-10-28,5.32,5.71,5.32,5.32,8139,0.12,2.31
2016-10-31,5.36,5.8,4.973,5.64,38103,0.32,6.02
2016-11-01,5.63,6.29,5.189,5.21,56836,-0.43,-7.62
2016-11-02,5.35,5.35,4.605,5.18,82692,-0.03,-0.58
2016-11-03,5.11,5.88,4.8,4.94,84998,-0.24,-4.63
2016-11-04,4.94,5.115,4.53,4.65,34609,-0.29,-5.87
2016-11-07,4.73,4.895,4.65,4.795,35718,0.15,3.12
2016-11-08,4.8,4.92,4.27,4.38,45988,-0.42,-8.65
2016-11-09,4.67,4.67,4.15,4.6,39129,0.22,5.02
2016-11-10,4.57,4.82,4.21,4.21,51871,-0.39,-8.48
2016-11-11,4.26,4.634,4.2,4.47,18040,0.26,6.18
2016-11-14,4.36,4.669,4.12,4.25,30839,-0.22,-4.92
2016-11-15,4.25,5.086,4.183,4.66,55769,0.41,9.65
2016-11-16,4.64,5.4,4.64,5.18,72739,0.52,11.16
2016-11-17,5.541,7.48,4.62,6.19,321896,1.01,19.5
2016-11-18,6.14,6.14,5.2,5.45,67079,-0.74,-11.95
2016-11-21,5.6,5.8,5.5,5.55,12325,0.1,1.83
2016-11-22,5.54,6.2,4.95,5.5,98247,-0.05,-0.9
2016-11-23,5.43,5.65,5.021,5.07,40414,-0.43,-7.82
2016-11-25,5.38,5.38,4.73,5.12,39198,0.05,0.99
2016-11-28,5.38,5.4,4.778,4.79,39758,-0.33,-6.45
2016-11-29,4.84,5.6,4.82,5.35,39584,0.56,11.69
2016-11-30,5.16,5.64,4.92,5.26,70931,-0.09,-1.68
2016-12-01,5.09,5.42,4.625,4.95,19597,-0.31,-5.89
2016-12-02,4.95,5.244,4.77,5.11,41722,0.16,3.23
2016-12-05,5.11,5.37,4.9,4.9,74532,-0.21,-4.11
2016-12-06,4.999,5.0,4.76,4.76,4330,-0.19,-3.85
2016-12-07,4.78,5.3,4.596,5.14,44078,0.38,7.98
2016-12-08,5.25,5.567,4.899,5.25,95237,0.11,2.14
2016-12-09,5.17,5.19,4.66,5.04,13822,-0.21,-4.0
2016-12-12,4.92,5.12,4.84,4.99,20264,-0.05,-0.99
2016-12-13,5.015,5.1,4.941,5.1,14401,0.11,2.2
2016-12-14,5.0,5.25,4.66,4.66,29625,-0.44,-8.63
2016-12-15,4.68,4.89,4.67,4.84,14247,0.18,3.86
2016-12-16,4.81,4.81,4.527,4.72,9696,-0.12,-2.48
2016-12-19,4.83,4.83,4.49,4.78,31451,0.06,1.27
2016-12-20,4.74,4.74,4.42,4.44,17830,-0.34,-7.11
2016-12-21,4.42,4.5,4.27,4.47,23986,0.03,0.68
2016-12-22,4.67,4.7,4.401,4.67,35478,0.2,4.47
2016-12-23,4.55,4.65,4.418,4.51,4138,-0.16,-3.43
2016-12-27,4.421,4.732,4.16,4.21,10087,-0.3,-6.65
2016-12-28,4.185,4.544,4.159,4.47,21495,0.26,6.18
2016-12-29,4.47,4.579,4.19,4.2,33344,-0.27,-6.04
2016-12-30,4.22,4.355,4.15,4.23,28925,0.03,0.71
2017-01-03,4.24,4.49,4.13,4.3,27723,0.07,1.65
2017-01-04,4.333,4.45,4.27,4.45,7094,0.15,3.49
2017-01-05,4.37,4.4,4.06,4.4,24070,-0.05,-1.12
2017-01-06,4.48,4.599,4.29,4.37,25033,-0.03,-0.68
2017-01-09,4.4,4.56,4.174,4.56,5659,0.19,4.35
2017-01-10,4.254,4.54,4.254,4.497,1948,-0.06,-1.39
2017-01-11,4.264,5.3,4.2,5.15,207410,0.65,14.53
2017-01-12,4.92,5.618,4.57,4.61,88091,-0.54,-10.49
2017-01-13,4.58,4.8,4.4,4.457,9667,-0.15,-3.33
2017-01-17,4.43,4.717,4.421,4.53,13181,0.07,1.65
2017-01-18,4.7,4.76,4.26,4.27,16254,-0.26,-5.74
2017-01-19,4.4,4.53,4.3,4.35,9660,0.08,1.87
2017-01-20,4.21,4.51,4.21,4.51,29649,0.16,3.68
2017-01-23,4.57,4.65,4.27,4.27,31618,-0.24,-5.32
2017-01-24,4.15,4.209,4.03,4.19,7939,-0.08,-1.87
2017-01-25,4.376,4.376,4.13,4.18,6913,-0.01,-0.24
2017-01-26,4.355,4.355,4.1,4.198,1867,0.02,0.43
2017-01-27,4.14,4.14,4.052,4.08,1327,-0.12,-2.81
2017-01-30,4.19,4.266,4.08,4.25,7207,0.17,4.17
2017-01-31,4.235,4.24,4.12,4.15,5709,-0.1,-2.35
2017-02-01,4.12,4.68,4.04,4.68,32938,0.53,12.77
2017-02-02,4.5,4.51,4.07,4.36,18675,-0.32,-6.84
2017-02-03,4.3,4.56,4.12,4.13,12391,-0.23,-5.28
2017-02-06,4.148,4.26,4.13,4.19,13414,0.06,1.45
2017-02-07,4.2,4.2,4.106,4.17,21581,-0.02,-0.47
2017-02-08,4.15,4.43,4.05,4.07,84754,-0.1,-2.4
2017-02-09,4.09,4.14,4.05,4.1,12774,0.03,0.74
2017-02-10,4.15,4.16,4.07,4.14,8472,0.04,0.98
2017-02-13,4.122,4.122,4.08,4.08,3337,-0.06,-1.45
2017-02-14,4.086,4.09,3.64,3.75,27955,-0.33,-8.09
2017-02-15,3.6,3.85,3.6,3.8,8423,0.05,1.33
2017-02-16,3.9,3.9,3.619,3.71,6716,-0.15,-3.9
2017-02-17,3.65,3.92,3.46,3.57,28671,-0.14,-3.77
2017-02-21,3.57,3.61,3.44,3.44,6967,-0.13,-3.64
2017-02-22,3.37,3.39,3.228,3.37,5058,-0.07,-2.03
2017-02-23,3.354,3.389,3.24,3.389,2746,0.02,0.55
2017-02-24,3.26,3.41,3.26,3.41,3171,0.02,0.63
2017-02-27,3.31,3.31,3.16,3.22,3412,-0.19,-5.57
2017-02-28,3.23,3.3,2.81,2.888,5540,-0.33,-10.33
2017-03-01,3.184,3.184,2.81,2.83,5913,-0.06,-1.99
2017-03-02,2.999,3.14,2.84,3.0,30965,0.17,6.01
2017-03-03,3.1,3.1,2.88,2.88,24517,-0.12,-4.0
2017-03-06,2.981,3.15,2.93,3.15,36874,0.27,9.38
2017-03-07,3.17,3.56,3.15,3.21,77833,0.06,1.9
2017-03-08,3.223,3.246,3.204,3.204,1242,-0.01,-0.19
2017-03-09,3.362,3.362,3.294,3.335,1135,0.13,4.1
2017-03-10,3.356,3.361,3.3,3.3,3542,-0.04,-1.05
2017-03-13,3.57,3.57,2.97,3.25,56535,-0.05,-1.52
2017-03-14,3.351,3.489,3.263,3.36,20457,0.11,3.38
2017-03-15,3.28,3.33,3.05,3.27,21244,-0.09,-2.68
2017-03-16,3.27,3.3,3.23,3.3,19392,0.03,0.92
2017-03-17,3.04,3.3,3.04,3.29,9902,-0.01,-0.3
2017-03-20,3.25,3.49,3.23,3.475,10690,0.18,5.62
2017-03-21,3.14,3.53,3.14,3.28,10400,-0.19,-5.61
2017-03-22,3.321,3.34,3.32,3.33,4840,0.05,1.53
2017-03-23,3.29,3.37,3.17,3.27,8460,-0.06,-1.81
2017-03-24,3.32,3.39,3.3,3.3,4362,0.03,0.92
2017-03-27,3.365,3.55,3.35,3.52,19818,0.22,6.67
2017-03-28,3.56,3.56,3.4,3.47,1727,-0.05,-1.42
2017-03-29,3.42,3.533,3.32,3.49,8728,0.02,0.58
2017-03-30,3.33,3.33,3.33,3.33,104,-0.16,-4.58
2017-03-31,3.39,3.46,3.37,3.46,7252,0.13,3.9
2017-04-03,3.68,3.68,3.43,3.57,8344,0.11,3.18
2017-04-04,3.72,4.2,3.36,4.06,140269,0.49,13.73
2017-04-05,4.29,4.85,3.66,3.66,163422,-0.4,-9.85
2017-04-06,3.76,4.006,3.45,3.85,50855,0.19,5.19
2017-04-07,4.0,4.39,3.79,3.86,78044,0.01,0.26
2017-04-10,3.86,4.126,3.793,3.9,26286,0.04,1.04
2017-04-11,3.937,4.066,3.83,3.83,15208,-0.07,-1.79
2017-04-12,3.802,3.869,3.5,3.51,21165,-0.32,-8.36
2017-04-13,3.51,3.628,3.51,3.56,6490,0.05,1.42
2017-04-17,3.603,3.65,3.59,3.59,8720,0.03,0.84
2017-04-18,3.59,3.65,3.59,3.65,9225,0.06,1.67
2017-04-19,3.61,3.69,3.59,3.69,6103,0.04,1.1
2017-04-20,3.69,3.75,3.5,3.7,24307,0.01,0.27
2017-04-21,3.65,3.751,3.58,3.58,16297,-0.12,-3.24
2017-04-24,3.74,3.88,3.7,3.75,21370,0.17,4.75
2017-04-25,3.66,3.9,3.55,3.8,27559,0.05,1.33
2017-04-26,3.89,4.1,3.8,3.85,21539,0.05,1.32
2017-04-27,3.75,3.99,3.75,3.94,17466,0.09,2.34
2017-04-28,3.83,3.92,3.58,3.69,24791,-0.25,-6.35
2017-05-01,3.69,3.98,3.69,3.74,12720,0.05,1.36
2017-05-02,3.826,3.826,3.6,3.72,27262,-0.02,-0.53
2017-05-03,3.97,3.97,3.65,3.65,22669,-0.07,-1.88
2017-05-04,3.61,3.62,3.6,3.61,3541,-0.04,-1.1
2017-05-05,3.6,3.73,3.55,3.66,14185,0.05,1.39
2017-05-08,3.57,3.73,3.57,3.73,14397,0.07,1.91
2017-05-09,3.57,4.0,3.57,3.82,51100,0.09,2.41
2017-05-10,3.9,3.97,3.672,3.85,13818,0.03,0.79
2017-05-11,3.72,3.902,3.58,3.64,28264,-0.21,-5.45
2017-05-12,3.629,3.67,3.629,3.65,1985,0.01,0.27
2017-05-15,3.81,3.85,3.57,3.602,6635,-0.05,-1.31
2017-05-16,3.63,3.802,3.62,3.62,2635,0.02,0.5
2017-05-17,3.59,3.59,3.55,3.55,8264,-0.07,-1.93
2017-05-18,3.5,3.51,3.5,3.5,6179,-0.05,-1.41
2017-05-19,3.45,3.71,3.45,3.5,11743,0.0,0.0
2017-05-22,3.51,3.527,3.17,3.17,4383,-0.33,-9.43
2017-05-23,3.35,3.54,3.23,3.23,6065,0.06,1.89
2017-05-24,3.38,3.38,3.201,3.25,4680,0.02,0.62
2017-05-25,3.33,3.34,3.2,3.23,12470,-0.02,-0.62
2017-05-26,3.16,3.16,3.05,3.073,8999,-0.16,-4.87
2017-05-30,3.186,3.31,3.119,3.29,22168,0.22,7.07
2017-05-31,3.201,3.21,3.201,3.21,719,-0.08,-2.43
2017-06-01,3.25,3.36,3.25,3.306,1090,0.1,2.98
2017-06-02,3.37,3.44,3.22,3.43,3265,0.12,3.76
2017-06-05,3.25,3.25,3.25,3.25,152,-0.18,-5.24
2017-06-06,3.42,3.68,3.212,3.68,21324,0.43,13.22
2017-06-07,3.57,3.787,3.551,3.67,10579,-0.01,-0.27
2017-06-08,3.59,3.7,3.41,3.41,1061,-0.26,-7.08
2017-06-09,3.3,3.313,3.29,3.29,1330,-0.12,-3.52
2017-06-12,3.3,3.53,3.29,3.45,12405,0.16,4.86
2017-06-13,3.53,3.69,3.52,3.66,5119,0.21,6.09
2017-06-14,3.447,3.73,3.447,3.69,15431,0.03,0.82
2017-06-15,3.621,3.903,3.621,3.7,19620,0.01,0.27
2017-06-16,3.9,3.9,3.67,3.67,621,-0.03,-0.81
2017-06-19,3.66,3.782,3.447,3.54,23733,-0.13,-3.54
2017-06-20,3.8,3.85,3.555,3.85,10460,0.31,8.76
2017-06-21,3.747,3.935,3.747,3.78,15807,-0.07,-1.82
2017-06-22,3.85,3.895,3.85,3.85,6123,0.07,1.85
2017-06-23,3.82,3.873,3.82,3.873,1422,0.02,0.59
2017-06-27,3.84,3.84,3.79,3.79,234,-0.08,-2.14
2017-06-28,3.84,3.91,3.801,3.84,4521,0.05,1.32
2017-06-29,3.86,3.866,3.75,3.8,4472,-0.04,-1.04
2017-06-30,3.77,3.83,3.555,3.83,22778,0.03,0.79
2017-07-03,3.78,3.96,3.78,3.81,34590,-0.02,-0.52
2017-07-05,3.78,3.89,3.78,3.83,9635,0.02,0.52
2017-07-06,3.8,3.8,3.67,3.74,7302,-0.09,-2.35
2017-07-07,3.794,3.99,3.62,3.66,4713,-0.08,-2.14
2017-07-10,3.575,3.99,3.575,3.99,25303,0.33,9.02
2017-07-11,3.93,3.96,3.82,3.82,26194,-0.17,-4.26
2017-07-12,3.96,3.99,3.72,3.8,4957,-0.02,-0.52
2017-07-13,3.86,3.94,3.73,3.83,28745,0.03,0.79
2017-07-14,3.9,3.953,3.7,3.81,26609,-0.02,-0.52
2017-07-17,3.86,3.95,3.76,3.76,14191,-0.05,-1.31
2017-07-18,3.76,3.88,3.71,3.88,9315,0.12,3.19
2017-07-19,3.851,4.1,3.765,3.95,53697,0.07,1.8
2017-07-20,3.96,3.96,3.96,4.1,159,,
2017-07-21,3.958,4.0,3.8,3.83,21787,-0.12,-3.04
2017-07-24,3.9,3.9,3.8,3.82,1990,-0.01,-0.26
2017-07-25,3.86,3.93,3.51,3.93,17754,0.11,2.88
2017-07-26,3.92,4.08,3.81,3.81,34886,-0.12,-3.05
2017-07-27,3.82,3.97,3.74,3.74,2929,-0.07,-1.84
2017-07-28,3.84,3.84,3.6,3.77,17757,0.03,0.8
2017-07-31,3.82,3.869,3.72,3.72,15421,-0.05,-1.33
2017-08-01,3.845,3.89,3.66,3.83,6740,0.11,2.96
2017-08-02,3.7,3.82,3.7,3.82,501,-0.01,-0.26
2017-08-03,3.82,3.9,3.51,3.75,20559,-0.07,-1.83
2017-08-04,3.78,3.923,3.69,3.83,19781,0.08,2.13
2017-08-07,3.7,4.03,3.58,3.61,12868,-0.22,-5.74
2017-08-08,3.68,3.8,3.6,3.6,18857,-0.01,-0.28
2017-08-09,3.55,3.71,3.5,3.7,26120,0.1,2.78
2017-08-10,3.6,3.76,3.5,3.76,25559,0.06,1.62
2017-08-11,3.6,3.67,3.2,3.2,44618,-0.56,-14.89
2017-08-14,3.27,3.427,3.27,3.4,1481,0.2,6.25
2017-08-15,3.31,3.34,3.16,3.16,5166,-0.24,-7.06
2017-08-16,3.1,3.47,2.63,3.26,44262,0.1,3.16
2017-08-17,3.4,3.653,3.12,3.21,39783,-0.05,-1.53
2017-08-18,3.23,3.23,3.01,3.02,5823,-0.19,-5.92
2017-08-21,3.09,3.34,3.09,3.26,6713,0.24,7.95
2017-08-22,3.21,3.6,3.03,3.58,21242,0.32,9.82
2017-08-23,3.5,3.702,3.21,3.27,35362,-0.31,-8.66
2017-08-24,3.24,3.46,3.2,3.425,24792,0.16,4.74
2017-08-25,3.42,3.504,3.28,3.38,21328,-0.05,-1.31
2017-08-28,3.3,3.504,3.28,3.35,23722,-0.03,-0.89
2017-08-29,3.35,3.4,3.287,3.35,12313,0.0,0.0
2017-08-30,3.39,3.414,3.301,3.31,7540,-0.04,-1.19
2017-08-31,3.3,3.446,3.26,3.32,8551,0.01,0.3
2017-09-01,3.27,3.43,3.27,3.37,19335,0.05,1.51
2017-09-05,3.5,3.68,3.25,3.25,35811,-0.12,-3.55
2017-09-06,3.35,3.55,3.33,3.38,17675,0.13,3.99
2017-09-07,3.45,3.45,3.36,3.38,2634,0.0,0.0
2017-09-08,3.44,3.494,3.0,3.25,29896,-0.13,-3.85
2017-09-11,3.31,3.53,3.12,3.12,27601,-0.13,-4.0
2017-09-12,3.04,3.16,3.04,3.15,1712,0.03,0.96
2017-09-13,3.15,3.28,3.05,3.1,3493,-0.05,-1.59
2017-09-14,3.13,3.389,2.8,3.0,15579,-0.1,-3.23
2017-09-15,3.08,3.17,2.97,3.17,4150,0.17,5.66
2017-09-18,3.1,3.24,2.96,3.01,7841,-0.16,-5.04
2017-09-19,3.06,3.11,3.06,3.1,4736,0.09,2.99
2017-09-20,3.007,3.01,2.91,2.95,3205,-0.15,-4.84
2017-09-21,2.91,3.03,2.67,2.67,9344,-0.28,-9.49
2017-09-22,2.85,3.26,2.85,3.02,13761,0.35,13.11
2017-09-25,3.02,3.15,2.99,3.13,9594,0.11,3.65
2017-09-26,3.1,3.1,2.92,2.92,4968,-0.21,-6.71
2017-09-27,2.959,2.959,2.959,2.959,172,0.04,1.34
2017-09-28,2.95,2.95,2.95,2.95,100,-0.01,-0.3
2017-09-29,2.91,2.91,2.9,2.9,660,-0.05,-1.69
2017-10-02,2.95,2.95,2.913,2.913,679,0.01,0.46
2017-10-03,2.96,2.96,2.96,2.92,98,0.01,0.34
2017-10-04,2.97,3.009,2.9,2.909,4861,0.0,-0.15
2017-10-05,2.95,3.0,2.946,3.0,2721,0.09,3.13
2017-10-06,2.86,3.95,2.86,3.45,99184,0.45,14.99
2017-10-09,3.45,3.62,3.227,3.33,8571,-0.12,-3.47
2017-10-10,3.27,3.411,3.11,3.25,8682,-0.08,-2.4
2017-10-11,3.15,3.44,3.1,3.25,3089,0.0,0.0
2017-10-12,3.26,3.33,3.0,3.33,4113,0.08,2.46
2017-10-13,3.022,3.24,2.96,3.02,11950,-0.31,-9.31
2017-10-16,3.1,3.37,3.09,3.32,19198,0.3,9.93
2017-10-17,3.32,3.34,3.102,3.15,17586,-0.17,-5.12
2017-10-18,3.122,3.122,3.122,3.122,162,-0.03,-0.9
2017-10-19,3.11,3.11,3.11,3.27,22,,
2017-10-20,3.16,3.16,3.14,3.14,302,,
2017-10-23,3.28,3.28,3.15,3.24,2218,0.1,3.18
2017-10-24,3.171,3.24,3.1,3.23,2184,-0.01,-0.31
2017-10-25,3.11,3.279,3.01,3.126,7948,-0.1,-3.21
2017-10-26,3.24,3.63,3.05,3.15,66215,0.02,0.75
2017-10-27,3.15,3.25,3.11,3.12,3102,-0.03,-0.95
2017-10-30,3.18,3.25,3.13,3.16,5267,0.04,1.28
2017-10-31,3.16,3.45,3.16,3.39,16323,0.23,7.28
2017-11-01,3.3,3.38,3.18,3.38,14019,-0.01,-0.29
2017-11-02,3.39,3.39,3.25,3.35,4015,-0.03,-0.89
2017-11-03,3.272,3.272,3.17,3.17,760,-0.18,-5.37
2017-11-06,3.19,3.32,3.13,3.19,5036,0.02,0.63
2017-11-07,3.37,3.37,3.231,3.26,602,0.07,2.19
2017-11-08,3.2,8.0,3.18,5.59,1127609,2.33,71.47
2017-11-09,6.31,7.85,3.45,3.58,1034487,-2.01,-35.96
2017-11-10,3.6,4.03,3.33,3.88,122031,0.3,8.38
2017-11-13,3.835,4.25,3.519,3.56,274401,-0.32,-8.25
2017-11-14,3.7,3.75,3.25,3.4,107570,-0.16,-4.49
2017-11-15,3.49,5.55,3.3,3.55,538299,0.15,4.41
2017-11-16,3.74,5.78,3.638,4.18,642011,0.63,17.75
2017-11-17,4.15,4.37,3.72,4.0,119663,-0.18,-4.31
2017-11-20,3.97,4.22,3.76,4.0,54694,0.0,0.0
2017-11-21,4.12,4.211,3.87,3.94,28231,-0.06,-1.5
2017-11-22,4.22,4.32,4.0,4.05,96399,0.11,2.79
2017-11-24,4.2,4.2,3.93,3.96,26816,-0.09,-2.22
2017-11-27,3.88,3.946,3.759,3.819,14116,-0.14,-3.56
2017-11-28,3.96,4.265,3.78,4.01,102589,0.19,5.0
2017-11-29,3.98,4.06,3.82,3.83,12722,-0.18,-4.49
2017-11-30,3.831,3.96,3.831,3.87,8177,0.04,1.04
2017-12-01,3.848,3.96,3.84,3.86,6464,-0.01,-0.26
2017-12-04,3.88,4.07,3.88,3.91,5099,0.05,1.3
2017-12-05,3.902,4.037,3.855,3.87,5909,-0.04,-1.02
2017-12-06,3.95,3.989,3.84,3.87,12859,0.0,0.0
2017-12-07,3.89,3.95,3.84,3.84,11129,-0.03,-0.78
2017-12-08,3.86,3.889,3.708,3.72,7622,-0.12,-3.12
2017-12-11,3.75,3.9,3.72,3.73,10242,0.01,0.27
2017-12-12,3.74,5.15,3.74,3.92,302045,0.19,5.09
2017-12-13,3.89,4.015,3.75,3.91,28672,-0.01,-0.26
2017-12-14,3.8,4.124,3.8,3.91,21254,0.0,0.0
2017-12-15,3.91,4.03,3.89,3.98,6383,0.07,1.79
2017-12-18,4.06,4.19,3.919,4.11,22085,0.13,3.27
2017-12-19,4.11,6.64,4.1,4.79,1315118,0.68,16.55
2017-12-20,4.5,4.699,4.33,4.4,73186,-0.39,-8.14
2017-12-21,4.37,4.84,4.1,4.56,126774,0.0,0.0
2017-12-22,4.47,4.575,4.28,4.45,29659,-0.0597,-1.31
2017-12-26,4.28,4.5,4.28,4.43,11418,-0.02,-0.45
2017-12-27,4.43,4.77,4.33,4.38,62797,-0.05,-1.13
2017-12-28,4.4,5.12,4.4,4.61,155473,0.23,5.25
2017-12-29,4.61,4.83,4.21,4.28,54116,-0.33,-7.16
2018-01-02,4.28,4.49,4.28,4.46,4234,0.0,0.0
2018-01-03,4.515,5.4,4.33,4.59,171898,0.0,0.0
2018-01-04,4.78,5.99,4.46,4.99,644656,0.0,0.0
2018-01-05,4.95,5.6,4.78,5.27,124282,0.28,5.61
2018-01-08,5.55,5.56,5.0,5.34,49965,0.07,1.33
2018-01-09,5.34,5.72,4.89,5.38,121928,0.04,0.75
2018-01-10,5.36,5.53,5.02,5.25,62325,-0.13,-2.42
2018-01-11,5.44,5.5999,5.16,5.28,22889,0.03,0.57
2018-01-12,5.22,6.11,5.2,5.541,113530,0.261,4.94
2018-01-16,5.58,6.5,5.2,5.36,62450,-0.32,-5.63
2018-01-17,5.64,5.7305,5.39,5.69,57558,0.33,6.16
2018-01-18,5.73,5.7402,5.51,5.74,17944,0.05,0.88
2018-01-19,5.71,6.3488,5.51,5.9,120378,0.16,2.79
2018-01-22,5.9,6.65,5.84,6.4,110398,0.5,8.47
2018-01-23,6.46,6.65,5.86,6.23,61468,-0.17,-2.66
2018-01-24,6.12,6.35,5.7,5.7,64185,-0.53,-8.51
2018-01-25,5.83,5.91,5.26,5.26,22297,-0.43,-7.56
2018-01-26,5.34,5.83,5.31,5.58,50360,0.32,6.08
2018-01-29,5.58,5.7577,5.2,5.22,22339,-0.36,-6.45
2018-01-30,5.1,5.22,4.64,4.7601,48776,-0.4599,-8.81
2018-01-31,8.1,9.4,5.1601,5.35,1929716,0.64,13.59
2018-02-01,5.0,5.0848,4.64,4.99,107739,-0.36,-6.73
2018-02-02,4.96,5.1009,4.5,4.82,101132,-0.17,-3.41
2018-02-05,4.82,4.82,4.25,4.48,54284,-0.34,-7.05
2018-02-06,4.57,4.57,4.0001,4.33,16928,-0.15,-3.35
2018-02-07,4.43,4.43,4.22,4.22,9841,-0.11,-2.54
2018-02-08,4.23,4.3067,4.02,4.0904,11747,-0.1796,-4.21
2018-02-09,3.96,4.0274,3.6,3.7,22384,-0.4,-9.76
2018-02-12,3.81,4.2198,3.78,3.86,39836,0.14,3.76
2018-02-13,3.94,4.3182,3.85,3.99,30456,0.13,3.37
2018-02-14,4.0,4.3899,3.912,3.99,19523,-0.06,-1.48
2018-02-15,4.02,4.079,3.8,3.935,23932,-0.055,-1.38
2018-02-16,4.04,4.45,3.8476,4.2014,35307,0.3814,9.98
2018-02-20,4.37,4.6999,4.1493,4.29,43656,0.0,0.0
2018-02-21,4.4,4.5,4.11,4.14,38946,-0.15,-3.5
2018-02-22,4.3,4.3,3.96,4.15,16990,0.04,0.97
2018-02-23,4.17,4.17,4.06,4.119,4901,0.069,1.7
2018-02-26,4.13,4.16,4.06,4.08,9372,0.0,0.0
2018-02-27,4.1755,4.1755,4.0,4.13,6327,0.05,1.23
2018-02-28,4.05,4.07,3.9,3.92,3276,-0.08,-2.0
2018-03-01,3.97,4.17,3.9107,3.975,2148,0.055,1.4
2018-03-02,3.98,4.18,3.98,4.05,2915,0.1,2.53
2018-03-05,4.17,4.2131,4.11,4.11,1182,0.06,1.48
2018-03-06,4.15,4.15,4.0875,4.0875,665,-0.0225,-0.55
2018-03-07,4.07,4.22,4.07,4.21,6808,0.18,4.47
2018-03-08,4.22,4.22,4.05,4.05,2744,-0.16,-3.8
2018-03-09,4.2,4.81,4.1245,4.41,94643,0.36,8.89
2018-03-12,4.36,4.36,4.0211,4.15,9903,-0.26,-5.9
2018-03-13,4.09,4.26,4.0601,4.23,4213,0.08,1.93
2018-03-14,4.25,4.3,4.09,4.27,23796,0.04,0.95
2018-03-15,4.26,4.9,4.21,4.34,157762,0.07,1.64
2018-03-16,4.36,4.46,4.318,4.39,7067,0.05,1.15
2018-03-19,4.39,4.46,4.19,4.43,34661,0.04,0.91
2018-03-20,4.41,4.6,4.28,4.43,14210,0.0,0.0
2018-03-21,4.49,4.8,4.48,4.57,30825,0.14,3.16
2018-03-22,4.56,4.61,4.43,4.52,23549,-0.05,-1.09
2018-03-23,4.441,4.5698,4.43,4.495,11717,-0.025,-0.55
2018-03-26,4.4408,4.4476,4.38,4.38,10263,-0.05,-1.13
2018-03-27,4.45,4.45,4.18,4.19,6275,-0.19,-4.34
2018-03-28,4.15,4.42,4.15,4.38,10479,0.2,4.78
2018-03-29,4.39,4.5,4.39,4.42,11214,0.04,0.91
2018-04-02,4.36,4.62,4.36,4.46,10922,0.05,1.13
2018-04-03,4.46,4.53,4.32,4.32,8292,-0.14,-3.14
2018-04-04,4.1626,4.4,4.1626,4.4,4141,0.08,1.85
2018-04-05,4.36,4.46,4.25,4.25,9759,-0.14,-3.19
2018-04-06,4.4499,4.45,4.3993,4.44,7177,0.19,4.47
2018-04-09,4.59,7.69,4.53,5.12,1332278,0.67,15.06
2018-04-10,5.39,9.9,5.38,7.45,3943035,2.33,45.51
2018-04-11,7.23,9.6298,6.7,6.8,1919497,-0.65,-8.72
2018-04-12,7.26,7.78,6.24,6.58,421828,-0.22,-3.24
2018-04-13,6.57,6.7799,6.1,6.59,122568,-0.02,-0.3
2018-04-16,6.6,7.3399,6.22,6.42,352172,-0.17,-2.58
2018-04-17,6.9,6.9,6.15,6.26,70453,-0.16,-2.49
2018-04-18,6.2,6.3189,5.76,5.95,40937,-0.31,-4.95
2018-04-19,5.99,6.1418,5.46,5.5,31775,-0.45,-7.56
2018-04-20,5.5676,5.5676,5.32,5.36,11084,-0.14,-2.55
2018-04-23,5.61,5.85,5.45,5.58,43467,0.22,4.1
2018-04-24,5.62,6.1,5.6,5.88,57417,0.3,5.38
2018-04-25,6.0,6.56,5.8701,6.45,46210,0.57,9.69
2018-04-26,6.37,6.5,6.0278,6.13,18349,-0.32,-4.96
2018-04-27,6.28,6.44,6.25,6.34,6925,0.21,3.43
2018-04-30,6.47,6.652,6.16,6.17,7154,-0.17,-2.68
2018-05-01,6.3,6.32,5.9,5.92,9599,-0.44,-6.92
2018-05-02,5.91,6.45,5.91,6.18,9245,0.26,4.39
2018-05-03,6.14,6.7192,6.11,6.13,25358,-0.16,-2.54
2018-05-04,6.07,6.29,5.9832,6.29,5849,0.16,2.61
2018-05-07,6.134,6.8,6.134,6.46,40136,0.17,2.7
2018-05-08,6.47,6.8,6.21,6.26,92590,-0.2,-3.1
2018-05-09,6.39,6.53,6.26,6.36,13922,0.1,1.6
2018-05-10,6.31,6.7738,6.3,6.35,26209,-0.01,-0.16
2018-05-11,6.29,6.4,6.26,6.38,7859,0.03,0.47
2018-05-14,6.44,6.58,6.38,6.4101,18128,0.0301,0.47
2018-05-15,6.4421,6.9559,6.4,6.41,44198,-0.0001,0.0
2018-05-16,6.5289,6.68,6.4,6.4,4752,-0.01,-0.16
2018-05-17,6.4,6.65,5.8,6.38,45621,-0.02,-0.31
2018-05-18,6.4,7.45,6.39,6.74,110586,0.34,5.31
2018-05-21,6.95,7.2,6.8099,6.81,17058,0.07,1.04
2018-05-22,6.81,7.2,6.81,7.04,16431,0.23,3.38
2018-05-23,7.18,8.1,6.65,7.7384,70261,0.6984,9.92
2018-05-24,7.79,8.49,7.5,7.53,37354,-0.2084,-2.69
2018-05-25,7.55,7.9,7.29,7.8,11412,0.27,3.59
2018-05-29,7.77,7.83,7.2801,7.76,13121,-0.04,-0.51
2018-05-30,7.57,7.951,7.4201,7.65,32752,-0.11,-1.42
2018-05-31,7.3499,7.69,7.3499,7.38,11025,-0.27,-3.53
2018-06-01,7.74,8.0443,7.37,7.6197,25705,0.2397,3.25
2018-06-04,7.61,7.61,7.43,7.55,3416,-0.0697,-0.91
2018-06-05,7.65,7.8802,7.511,7.55,33996,0.0,0.0
2018-06-06,7.8044,8.25,7.5001,7.58,60128,0.03,0.4
2018-06-07,7.78,8.1,7.59,7.6,15107,0.02,0.26
2018-06-08,7.73,7.9003,7.6827,7.79,4628,0.19,2.5
2018-06-11,7.73,8.05,7.5627,7.7242,50193,-0.0658,-0.84
2018-06-12,7.85,9.0,7.81,8.2347,73297,0.5105,6.61
2018-06-13,8.29,8.8052,8.1,8.32,9876,0.0853,1.04
2018-06-14,8.2782,8.6728,8.1981,8.6,11512,0.28,3.37
2018-06-15,8.6,8.81,8.2241,8.75,17034,0.15,1.74
2018-06-18,8.78,9.1,8.58,8.77,19342,0.02,0.23
2018-06-19,8.89,9.1113,8.8,8.82,6813,0.05,0.57
2018-06-20,8.75,8.75,8.04,8.3,9028,-0.52,-5.9
2018-06-21,8.25,9.11,8.25,8.64,8223,0.34,4.1
2018-06-22,8.45,8.6714,8.33,8.57,7383,-0.07,-0.81
2018-06-25,8.41,8.533,8.2028,8.4855,11027,-0.0845,-0.99
2018-06-26,8.34,8.786,8.1,8.59,33674,0.1045,1.23
2018-06-27,8.579,8.579,7.72,7.781,17567,-0.809,-9.42
2018-06-28,7.7235,8.83,7.4632,7.55,36795,-0.231,-2.97
2018-06-29,7.5938,7.7,7.5938,7.63,2888,0.08,1.06
2018-07-02,7.7,8.14,7.36,7.5,35119,-0.13,-1.7
2018-07-03,7.59,7.59,7.18,7.19,3920,-0.31,-4.13
2018-07-05,7.0484,7.15,6.88,6.91,8854,-0.28,-3.89
2018-07-06,6.7973,6.9073,6.26,6.8,17227,-0.11,-1.59
2018-07-09,7.0,7.5,6.785,7.14,23946,0.34,5.0
2018-07-10,6.56,7.4629,6.52,6.66,13778,-0.48,-6.72
2018-07-11,6.55,7.09,6.37,6.37,8469,-0.29,-4.35
2018-07-12,6.85,6.94,6.37,6.47,6618,0.1,1.57
2018-07-13,6.45,6.78,6.45,6.71,9141,0.24,3.71
2018-07-16,6.45,6.65,6.0248,6.36,37318,-0.35,-5.22
2018-07-17,6.6901,6.7069,6.08,6.6165,10795,0.2565,4.03
2018-07-18,6.42,6.6965,6.16,6.34,30987,-0.2765,-4.18
2018-07-19,6.193,6.6,6.06,6.3,14388,-0.04,-0.63
2018-07-20,6.24,6.64,6.08,6.44,47915,0.14,2.22
2018-07-23,6.4,6.71,6.4,6.71,8333,0.27,4.19
2018-07-24,6.71,7.08,6.4833,6.75,12397,0.04,0.6
2018-07-25,6.8027,7.13,6.501,7.1265,4927,0.3765,5.58
2018-07-26,6.88,7.5323,6.88,7.21,19855,0.0835,1.17
2018-07-27,7.1363,7.2,6.66,7.16,3185,-0.05,-0.69
2018-07-30,7.1465,7.47,6.7489,7.2,4295,0.04,0.56
2018-07-31,7.1178,7.5952,7.0011,7.3698,4420,0.1698,2.36
2018-08-01,7.21,8.15,7.21,7.66,8588,0.2902,3.94
2018-08-02,7.54,7.91,7.44,7.64,4473,-0.02,-0.26
2018-08-03,7.5,7.5,7.12,7.45,4334,-0.19,-2.49
2018-08-06,7.77,7.77,6.7025,7.2,12910,-0.25,-3.36
2018-08-07,7.31,7.45,6.95,7.2,4761,0.0,0.0
2018-08-08,7.23,7.28,6.8101,7.1,6104,-0.1,-1.39
2018-08-09,7.11,7.2975,7.08,7.2,2116,0.1,1.41
2018-08-10,7.26,7.47,7.26,7.445,1678,0.245,3.4
2018-08-13,7.41,7.49,7.1365,7.49,4041,0.045,0.6
2018-08-14,7.27,7.45,7.16,7.16,1391,-0.33,-4.41
2018-08-15,7.0001,7.2548,7.0001,7.2534,1714,0.0934,1.3
2018-08-16,7.4,7.5,7.1,7.5,7748,0.2466,3.4
2018-08-17,7.15,7.47,6.9235,7.04,7217,-0.46,-6.13
2018-08-20,7.13,7.4773,7.0611,7.43,6205,0.39,5.54
2018-08-21,7.31,7.4265,7.01,7.1,2815,-0.33,-4.44
2018-08-22,7.39,8.4696,6.49,6.635,128223,-0.465,-6.55
2018-08-23,6.58,6.9989,6.5001,6.63,36291,-0.005,-0.08
2018-08-24,6.75,6.98,6.6,6.775,29946,0.145,2.19
2018-08-27,7.47,7.8912,6.8153,7.54,71747,0.765,11.29
2018-08-28,7.69,7.75,7.3528,7.7,18670,0.16,2.12
2018-08-29,7.64,7.72,7.4,7.47,9900,-0.23,-2.99
2018-08-30,7.4,7.68,7.4,7.59,7045,0.12,1.61
2018-08-31,7.6,7.73,7.5,7.68,6632,0.09,1.19
2018-09-04,7.65,7.83,7.55,7.7,8308,0.02,0.26
2018-09-05,7.65,7.78,7.438,7.59,3477,-0.11,-1.43
2018-09-06,7.54,7.59,6.96,6.98,13066,-0.61,-8.04
2018-09-07,7.38,7.649,6.991,7.57,6128,0.59,8.45
2018-09-10,7.55,7.85,7.5,7.7,3323,0.13,1.72
2018-09-11,7.74,7.74,7.035,7.55,8154,-0.15,-1.95
2018-09-12,7.59,7.7,7.35,7.67,4947,0.12,1.59
