日期,开盘价,最高价,最低价,收盘价,成交量(股),涨跌额,涨跌幅(%)
2015-08-25,22.4187,22.8468,22.4187,22.4537,600,0.0,0.0
2015-08-26,22.5236,22.5236,22.4799,22.4799,354,0.0269,0.12
2015-08-27,23.1002,23.1614,22.9866,22.9866,470,0.5102,2.27
2015-09-02,22.8032,22.9167,22.7333,22.9167,702,0.3409,1.51
2015-09-09,23.1526,23.1526,23.1526,23.1526,100,0.236,1.03
2015-09-10,22.9866,22.9866,22.9866,22.9866,104,-0.1667,-0.72
2015-09-11,22.8119,22.8993,22.7245,22.8206,902,-0.1655,-0.72
2015-09-21,22.908,23.0827,22.8119,23.0216,5400,0.3067,1.35
2015-09-22,22.3838,22.3838,22.1916,22.3576,4100,-0.663,-2.88
2015-09-23,22.5148,22.6546,22.3052,22.4275,10202,0.0693,0.31
2015-09-28,22.244,22.3663,22.1304,22.2003,1754,0.139,0.63
2015-09-29,22.2265,22.3488,21.7373,21.8159,16150,-0.3818,-1.72
2015-10-09,23.3448,23.3623,23.3448,23.3623,9800,0.3135,1.36
2015-10-22,23.6333,23.7644,23.6333,23.7644,1900,0.4637,1.99
2015-10-23,23.9479,24.0004,23.9217,24.0004,1100,0.24,1.01
2015-10-26,23.8693,23.8693,23.8693,23.8693,224,-0.1344,-0.56
2015-10-28,23.7731,23.7993,23.7731,23.7993,472,-0.0692,-0.29
2015-10-29,23.9392,23.9392,23.6508,23.7294,10300,-0.069,-0.29
2015-10-30,23.642,23.642,23.4323,23.4323,200,-0.2966,-1.25
2015-11-02,23.5721,23.6245,23.5284,23.6245,1624,0.1921,0.82
2015-11-03,23.5459,23.5459,23.4585,23.4585,38801,-0.1654,-0.7
2015-11-05,23.7382,23.7382,23.7382,23.7382,922,0.2792,1.19
2015-11-06,23.7644,24.0441,23.7644,23.8256,2529,0.0878,0.37
2015-11-11,23.3973,23.3973,23.3973,23.3973,600,0.07,0.3
2015-11-13,22.9516,22.9516,22.9516,22.9516,151,-0.4469,-1.91
2015-11-17,23.3186,23.3186,23.3186,23.3186,213,0.365,1.59
2015-11-24,23.7533,23.7533,23.4559,23.5696,784,-0.1137,-0.48
2015-12-17,23.4297,23.4297,22.6513,22.6513,200,-1.1022,-4.64
2015-12-29,23.6666,23.6666,23.2578,23.3487,1201,0.3835,1.67
2015-12-30,23.0125,23.0125,23.0125,23.0125,200,-0.3362,-1.44
2015-12-31,22.8944,22.8944,22.8944,22.8944,200,-0.1174,-0.51
2016-01-04,22.8126,22.8581,22.8126,22.8581,200,-0.0366,-0.16
2016-01-05,22.849,22.849,22.849,22.849,1013,-0.0091,-0.04
2016-01-06,22.6128,22.6128,22.6128,22.6128,146,-0.2353,-1.03
2016-01-07,23.7393,28.4908,22.3584,22.4402,2965,-0.1719,-0.76
2016-01-08,22.2585,22.3221,22.2221,22.2403,10805,-0.1997,-0.89
2016-01-12,22.64,22.7309,22.4129,22.6037,3992,-0.3816,-1.66
2016-01-13,22.6219,22.6219,22.4038,22.4856,5175,-0.1198,-0.53
2016-01-14,22.3766,22.7127,22.3766,22.7127,2450,0.2271,1.01
2016-01-15,22.5401,22.5401,22.2675,22.4492,3548,-0.2635,-1.16
2016-01-19,22.5946,22.64,22.5219,22.5219,3834,0.0718,0.32
2016-01-20,22.1494,22.1494,21.3954,21.6407,17301,-0.8806,-3.91
2016-01-21,22.2221,22.5401,22.1858,22.4856,2713,0.844,3.9
2016-01-22,22.0404,22.9035,22.0404,22.9035,1800,0.4182,1.86
2016-01-26,22.9217,23.0307,22.9217,23.0307,3473,0.126,0.55
2016-01-27,23.0125,23.0489,22.9126,22.9308,1100,-0.099,-0.43
2016-01-28,23.1215,23.1215,22.8853,22.9489,1105,0.0183,0.08
2016-01-29,23.4759,23.4759,23.2124,23.4123,2556,0.4636,2.02
2016-02-01,23.2033,23.2124,23.167,23.167,722,-0.2458,-1.05
2016-02-03,22.4311,22.5946,22.4311,22.5764,505,-0.2904,-1.27
2016-02-04,22.3675,22.3675,22.3675,22.3675,200,-0.21,-0.93
2016-02-08,21.995,22.0041,21.886,21.9041,6153,-0.4676,-2.09
2016-02-10,21.9223,21.9223,21.9223,21.9223,275,0.1242,0.57
2016-02-11,21.6861,21.6861,21.6861,21.6861,1100,-0.2323,-1.06
2016-02-12,21.786,21.8042,21.786,21.8042,949,0.115,0.53
2016-02-16,22.2403,22.3675,22.2039,22.3675,4115,0.5668,2.6
2016-02-17,22.6582,22.6673,22.4402,22.6219,3194,0.255,1.14
2016-02-18,22.7438,22.7438,22.7438,22.7438,220,0.1222,0.54
2016-02-22,22.8165,22.8165,22.8165,22.8165,1082,0.3372,1.5
2016-02-23,22.58,22.58,22.58,22.58,2079,-0.2373,-1.04
2016-02-24,22.7711,22.7802,22.7711,22.7802,782,0.201,0.89
2016-03-01,22.9985,22.9985,22.9985,22.9985,180,0.0436,0.19
2016-03-02,22.8984,22.9621,22.8984,22.9621,341,-0.0391,-0.17
2016-03-04,23.1804,23.1804,23.1077,23.1077,395,0.1515,0.66
2016-03-07,23.0349,23.1895,23.0349,23.1895,1891,0.0809,0.35
2016-03-09,22.9712,22.9712,22.9712,22.9712,100,0.0,0.0
2016-03-10,23.0258,23.0258,22.7256,22.7256,1384,-0.2458,-1.07
2016-03-15,23.3806,23.3806,23.235,23.3351,900,0.1553,0.67
2016-03-16,23.4079,23.4079,23.4079,23.4079,550,0.07,0.3
2016-03-18,23.2896,24.0083,23.2896,23.9537,23756,0.4904,2.09
2016-03-21,24.1357,24.1357,23.7445,24.0447,8865,0.0958,0.4
2016-03-22,24.1175,24.8544,23.4898,23.5534,24410,-0.4954,-2.06
2016-03-23,23.4989,23.6353,23.3806,23.3806,2717,-0.1719,-0.73
2016-03-24,23.4807,23.8173,23.4261,23.8173,6050,0.4326,1.85
2016-03-28,23.6899,23.8264,23.3533,23.3533,3847,-0.4596,-1.93
2016-03-29,23.2987,23.8082,23.1986,23.2077,3161,-0.1448,-0.62
2016-03-30,24.0993,24.163,23.4261,23.6444,20625,0.4363,1.88
2016-03-31,23.7354,23.7354,23.4261,23.4261,8849,-0.2175,-0.92
2016-04-01,23.1986,23.5262,23.0622,23.2987,8055,-0.1265,-0.54
2016-04-04,23.135,23.2441,23.135,23.1714,1901,-0.1235,-0.53
2016-04-05,23.0804,23.1077,22.9712,22.9712,3176,-0.2039,-0.88
2016-04-06,23.2077,23.5171,23.1986,23.2896,4300,0.3193,1.39
2016-04-07,23.3988,23.508,23.1168,23.2987,8712,0.0116,0.05
2016-04-08,23.4898,23.5989,23.326,23.5989,1345,0.2982,1.28
2016-04-12,23.5807,23.5989,23.4716,23.508,4000,-0.092,-0.39
2016-04-13,23.7536,24.0629,23.7263,24.0629,750,0.5548,2.36
2016-04-14,23.8719,23.8719,23.8537,23.8537,625,-0.2093,-0.87
2016-04-18,23.5171,23.6899,23.4807,23.5716,2661,-0.2815,-1.18
2016-04-19,24.0174,24.0538,23.7445,24.0538,4317,0.5316,2.26
2016-04-20,23.8537,24.2176,23.8537,24.2176,300,0.1636,0.68
2016-04-21,23.608,23.7991,23.608,23.7991,1260,-0.4165,-1.72
2016-04-22,23.4898,23.881,23.4898,23.881,4688,0.0809,0.34
2016-04-25,23.8355,23.8355,23.4625,23.7172,1153,-0.1648,-0.69
2016-04-26,23.7263,23.7263,23.699,23.699,1522,-0.019,-0.08
2016-04-27,23.6535,23.8446,23.608,23.6899,1213,-0.0047,-0.02
2016-04-28,23.6535,23.6535,23.608,23.608,1872,-0.0853,-0.36
2016-04-29,23.326,23.3988,23.2077,23.2532,2012,-0.3517,-1.49
2016-05-02,23.4352,23.4443,23.4352,23.4443,702,0.1884,0.81
2016-05-03,23.2896,23.2896,23.1986,23.1986,2345,-0.2462,-1.05
2016-05-04,23.1168,23.1168,22.9257,22.9257,250,-0.2738,-1.18
2016-05-05,23.0622,23.0622,22.953,22.953,1226,0.0229,0.1
2016-05-06,22.9257,22.9257,22.7984,22.9257,1751,-0.0229,-0.1
2016-05-09,22.9075,23.0076,22.9075,23.0076,200,0.0825,0.36
2016-05-10,23.1895,23.3806,23.1895,23.3169,2300,0.306,1.33
2016-05-11,23.2259,23.2259,23.2259,23.2259,200,-0.0863,-0.37
2016-05-12,23.0895,23.0895,22.9894,23.0076,1595,-0.2207,-0.95
2016-05-13,23.1077,23.1077,23.0622,23.0622,515,0.0552,0.24
2016-05-16,23.3897,23.4807,23.3897,23.4807,386,0.4174,1.81
2016-05-17,23.1804,23.2259,23.1714,23.1986,13100,-0.2818,-1.2
2016-05-18,23.3085,23.3176,23.3085,23.3176,1000,0.1183,0.51
2016-05-19,22.9333,22.9333,22.8326,22.9333,1561,-0.3824,-1.64
2016-05-20,23.1712,23.1712,23.1712,23.1712,122,0.2362,1.03
2016-05-23,23.1071,23.1071,23.1071,23.1071,150,-0.0649,-0.28
2016-05-24,23.5281,23.6562,23.2902,23.3268,2101,0.2195,0.95
2016-05-25,23.6837,23.766,23.6379,23.6379,391,0.3103,1.33
2016-05-26,23.7569,23.7569,23.7569,23.7569,100,0.1182,0.5
2016-05-27,23.7569,23.7569,23.6745,23.6745,200,-0.0832,-0.35
2016-06-01,23.4183,23.583,23.4183,23.5555,13360,-0.1089,-0.46
2016-06-02,23.4823,23.702,23.4823,23.702,9500,0.146,0.62
2016-06-03,23.6837,23.6837,23.6837,23.6837,1010,-0.019,-0.08
2016-06-06,23.702,23.702,23.6562,23.6562,515,-0.0284,-0.12
2016-06-07,23.7477,23.7935,23.7477,23.766,1490,0.1112,0.47
2016-06-08,23.7935,23.8667,23.6837,23.6837,1652,-0.0808,-0.34
2016-06-09,23.7752,23.7752,23.6562,23.6745,803,-0.0095,-0.04
2016-06-13,23.3359,23.3359,22.8784,22.9241,1100,-0.6119,-2.6
2016-06-14,22.9424,23.0339,22.9333,22.9333,500,0.0092,0.04
2016-06-15,23.1529,23.1529,22.796,22.796,303,-0.1376,-0.6
2016-06-16,22.8967,22.8967,22.8967,22.8967,110,0.1003,0.44
2016-06-17,23.0282,23.1662,23.0282,23.1662,1492,0.2679,1.17
2016-06-20,23.1018,23.3778,23.1018,23.3778,214,0.2131,0.92
2016-06-21,24.215,24.215,23.5618,23.7366,4116,0.3623,1.55
2016-06-22,23.8194,23.8194,23.6446,23.6446,518,-0.095,-0.4
2016-06-23,23.8194,23.9022,23.5066,23.571,2840,-0.0733,-0.31
2016-06-24,23.6262,23.6998,22.8534,22.8534,2866,-0.7117,-3.02
2016-06-27,22.1818,23.0742,22.1818,22.5314,40507,-0.3292,-1.44
2016-06-28,23.0006,24.0678,23.0006,24.0678,1377,1.5387,6.83
2016-06-29,24.0862,24.4543,23.7182,24.3347,2346,0.2671,1.11
2016-06-30,24.3347,25.1443,24.2426,24.8407,22175,0.5062,2.08
2016-07-01,25.1259,25.1259,24.2058,24.8867,3435,0.0497,0.2
2016-07-05,24.4727,24.6383,24.031,24.3439,3975,-0.5451,-2.19
2016-07-06,23.5526,24.7487,23.5526,24.7487,14898,0.4041,1.66
2016-07-07,24.7487,24.9327,24.7395,24.8683,6467,0.1188,0.48
2016-07-08,24.7487,25.0063,24.7487,24.7947,1672,-0.0746,-0.3
2016-07-11,25.4663,25.6871,25.1167,25.5307,27468,0.7364,2.97
2016-07-12,26.2943,26.9567,24.8407,25.4203,89225,-0.1098,-0.43
2016-07-13,25.7607,25.7607,25.2731,25.3191,33962,-0.1017,-0.4
2016-07-14,25.8527,25.8527,25.2547,25.2547,241281,-0.0633,-0.25
2016-07-15,25.5583,25.5583,25.1811,25.1995,20659,-0.0556,-0.22
2016-07-18,25.5583,25.5583,25.0523,25.0523,21147,-0.1462,-0.58
2016-07-19,25.0458,25.1839,24.834,24.834,25695,-0.218,-0.87
2016-07-20,24.8617,25.3221,24.8617,25.1103,43362,0.2757,1.11
2016-07-21,25.0458,25.2392,24.9169,25.0182,7714,-0.0929,-0.37
2016-07-22,24.9169,25.3313,24.8617,25.2392,11498,0.2202,0.88
2016-07-25,25.1655,25.3865,25.1379,25.1379,7411,-0.0984,-0.39
2016-07-26,25.1379,25.2576,25.0274,25.23,25474,0.093,0.37
2016-07-27,25.2668,25.2668,25.0458,25.0458,11820,-0.1842,-0.73
2016-07-28,25.0458,25.2024,25.0458,25.1195,9279,0.0726,0.29
2016-07-29,24.963,25.0919,24.8617,24.8709,7083,-0.2487,-0.99
2016-08-01,24.8617,25.1103,24.834,24.8617,9552,-0.0099,-0.04
2016-08-02,24.9169,24.9169,24.3092,24.4473,14014,-0.4152,-1.67
2016-08-03,24.4473,24.5578,24.4473,24.5486,14160,0.1002,0.41
2016-08-04,25.451,25.451,24.8617,24.8617,18584,0.3142,1.28
2016-08-05,25.0734,25.2208,24.9537,25.0734,4588,0.2089,0.84
2016-08-08,24.9998,24.9998,24.6775,24.6775,5145,-0.3936,-1.57
2016-08-09,24.8525,25.0182,24.7972,24.8617,4640,0.1802,0.73
2016-08-10,24.9537,25.1379,24.8156,25.1379,2863,0.2809,1.13
2016-08-11,25.2484,25.2484,24.9722,25.2024,7885,0.0654,0.26
2016-08-12,25.3589,25.4602,25.1655,25.4141,4123,0.2092,0.83
2016-08-15,25.4326,25.4602,25.3221,25.3957,6052,-0.0178,-0.07
2016-08-16,25.2668,25.3313,24.963,25.1011,7684,-0.2997,-1.18
2016-08-17,25.0144,25.0974,24.7009,25.0605,7828,-0.0326,-0.13
2016-08-18,25.0513,25.1619,25.0513,25.1066,3617,0.0426,0.17
2016-08-19,25.0513,25.1343,24.8945,25.1066,5133,0.0,0.0
2016-08-22,24.7101,25.1804,24.7101,25.1804,2038,0.0728,0.29
2016-08-23,25.1712,25.1712,24.9683,25.0697,4873,-0.1108,-0.44
2016-08-24,25.0882,25.0974,24.9591,25.0329,5482,-0.0376,-0.15
2016-08-25,24.9683,25.0329,24.7009,24.9222,3004,-0.1127,-0.45
2016-08-26,24.6825,24.8392,24.6825,24.747,3069,-0.1795,-0.72
2016-08-29,24.8945,24.996,24.7655,24.8945,6245,0.1509,0.61
2016-08-30,24.8484,25.1619,24.8484,25.1343,8077,0.2341,0.94
2016-08-31,25.0697,25.0697,24.8945,25.0052,5412,-0.1282,-0.51
2016-09-01,24.8945,25.0697,24.8023,24.8484,7453,-0.155,-0.62
2016-09-02,24.8945,25.291,24.8392,25.2634,7789,0.415,1.67
2016-09-06,25.208,25.208,24.8761,25.1896,5072,-0.0733,-0.29
2016-09-07,25.1896,25.1896,24.8023,25.0144,4467,-0.1789,-0.71
2016-09-08,25.1896,25.3556,25.1896,25.3095,86269,0.2976,1.19
2016-09-09,25.1896,25.3095,24.8392,24.9867,32341,-0.324,-1.28
2016-09-12,25.0052,25.0236,24.5811,24.8761,16647,-0.1099,-0.44
2016-09-13,24.5442,25.0882,24.3967,24.3967,14599,-0.4801,-1.93
2016-09-14,24.369,24.4335,24.1477,24.1477,7430,-0.2488,-1.02
2016-09-15,24.6272,24.8945,24.4428,24.8945,2336,0.7462,3.09
2016-09-16,24.7378,24.9038,24.5995,24.7194,8670,-0.1793,-0.72
2016-09-19,24.8626,24.9365,24.4468,24.493,12015,-0.2224,-0.9
2016-09-20,24.918,25.2229,24.7979,24.7979,1062,0.3013,1.23
2016-09-21,24.5577,24.9919,24.4283,24.8533,5156,0.0595,0.24
2016-09-22,24.8533,25.0104,24.8533,24.9088,3813,0.0522,0.21
2016-09-23,24.9734,25.0474,24.5854,24.5854,3784,-0.3213,-1.29
2016-09-26,24.7609,24.8718,24.5023,24.8164,5563,0.236,0.96
2016-09-27,24.8811,24.8903,24.8811,24.8903,747,0.0695,0.28
2016-09-28,24.8718,24.8718,24.5023,24.5207,3177,-0.3658,-1.47
2016-09-29,24.8441,24.8533,24.7055,24.8533,4987,0.3286,1.34
2016-09-30,24.8349,24.8349,24.5854,24.8256,6805,-0.0224,-0.09
2016-10-03,24.6224,24.8626,24.5946,24.7609,5764,-0.067,-0.27
2016-10-04,24.8441,24.9365,24.7609,24.8071,4639,0.047,0.19
2016-10-05,24.7702,24.9919,24.7702,24.8071,894,0.0,0.0
2016-10-06,24.8071,24.8903,24.8071,24.8903,3553,0.0819,0.33
2016-10-07,24.7609,24.7609,24.5946,24.5946,2253,-0.2937,-1.18
2016-10-10,24.6224,24.7609,24.4376,24.724,1899,0.1303,0.53
2016-10-11,24.4838,24.8349,24.3359,24.3914,29551,-0.3338,-1.35
2016-10-12,24.4191,24.7332,24.1604,24.4653,2306,0.0756,0.31
2016-10-13,24.3359,24.3359,24.0403,24.1142,5314,-0.3573,-1.46
2016-10-14,24.6131,24.6224,24.2343,24.4838,6061,0.3737,1.55
2016-10-17,24.068,24.8441,24.068,24.1142,5029,-0.3697,-1.51
2016-10-18,24.5207,24.5577,24.3267,24.4468,3583,0.3375,1.4
2016-10-19,24.3579,24.6635,24.1541,24.6265,2685,0.1785,0.73
2016-10-20,24.2375,24.8117,24.2375,24.8117,6182,0.1823,0.74
2016-10-21,24.6265,24.6821,24.5802,24.5802,10133,-0.2307,-0.93
2016-10-24,24.7747,24.7747,24.5802,24.5802,5909,0.0025,0.01
2016-10-25,24.5894,24.645,24.2097,24.4135,6898,-0.1671,-0.68
2016-10-26,24.1819,24.2931,24.1819,24.256,6144,-0.1562,-0.64
2016-10-27,24.1356,24.3579,24.1356,24.2745,8763,0.017,0.07
2016-10-28,24.3672,24.4505,24.1819,24.1819,8014,-0.0922,-0.38
2016-10-31,24.1819,24.1819,23.7096,23.7466,12753,-0.4353,-1.8
2016-11-01,23.7096,23.8485,23.4688,23.5892,8841,-0.1567,-0.66
2016-11-02,23.6262,23.7466,23.441,23.4688,5435,-0.1203,-0.51
2016-11-03,23.4781,23.4781,23.3391,23.4317,4442,-0.0376,-0.16
2016-11-04,23.4132,23.617,23.3576,23.3854,6104,-0.0469,-0.2
2016-11-07,23.5336,23.6355,23.5336,23.6077,1618,0.2268,0.97
2016-11-08,23.7559,23.7929,23.5058,23.6077,2697,-0.0047,-0.02
2016-11-09,23.3947,23.9411,23.3947,23.7652,12475,0.1535,0.65
2016-11-10,24.1171,24.2653,23.617,23.654,7956,-0.1069,-0.45
2016-11-11,23.5985,23.5985,23.1539,23.2187,4996,-0.4376,-1.85
2016-11-14,23.5336,23.617,23.3669,23.4781,5039,0.2554,1.1
2016-11-15,23.5058,23.5151,23.3391,23.3854,1800,-0.0892,-0.38
2016-11-16,23.5244,23.5244,23.3669,23.3669,1100,-0.0164,-0.07
2016-11-17,23.6205,23.6205,23.1839,23.1839,4343,-0.1893,-0.81
2016-11-18,24.0756,24.0756,23.314,23.314,2293,0.1344,0.58
2016-11-21,23.4812,23.4812,23.1653,23.4533,6667,0.1376,0.59
2016-11-22,23.5555,23.5555,23.3325,23.3604,2984,-0.0938,-0.4
2016-11-23,23.1282,23.2768,23.1282,23.1653,4197,-0.1939,-0.83
2016-11-25,23.314,23.314,23.1746,23.1746,2921,0.0046,0.02
2016-11-28,23.314,23.314,23.2304,23.2768,1834,0.102,0.44
2016-11-29,23.314,23.314,23.1653,23.2118,3094,-0.0605,-0.26
2016-11-30,23.3233,23.4626,23.1561,23.2768,7390,0.065,0.28
2016-12-01,23.2768,23.2954,23.1561,23.1746,2741,-0.1024,-0.44
2016-12-02,23.4904,23.4904,23.1468,23.1746,2169,0.0,0.0
2016-12-05,23.1746,23.3418,23.1375,23.1375,6427,-0.0371,-0.16
2016-12-06,23.3697,23.4904,23.314,23.314,4476,0.1713,0.74
2016-12-07,23.3418,23.4812,23.3418,23.3976,1469,0.0886,0.38
2016-12-08,23.4068,23.4997,23.1839,23.3883,6871,-0.0094,-0.04
2016-12-09,23.5833,24.0199,23.5462,23.8155,9552,0.4234,1.81
2016-12-12,24.0942,24.0942,23.7784,23.7784,25733,-0.0333,-0.14
2016-12-13,24.1499,24.3357,23.9642,24.0849,3663,0.3091,1.3
2016-12-14,24.2707,24.28,24.0013,24.0013,1433,-0.0891,-0.37
2016-12-15,24.6236,24.6236,24.1685,24.4843,5145,0.4895,2.04
2016-12-16,24.2985,24.4379,24.1499,24.3264,7920,-0.1592,-0.65
2016-12-19,24.1592,24.3914,24.1592,24.2892,3919,-0.0389,-0.16
2016-12-20,24.3543,24.475,24.0756,24.2428,29816,-0.0461,-0.19
2016-12-21,24.2242,24.2892,24.1592,24.2335,5201,-0.0121,-0.05
2016-12-22,24.28,24.3821,24.1499,24.3821,17570,0.1502,0.62
2016-12-23,24.3728,24.5307,24.1685,24.4843,24749,0.1024,0.42
2016-12-27,24.3357,24.6236,24.1871,24.475,39465,-0.0098,-0.04
2016-12-28,24.5567,24.7831,24.0154,24.5665,13951,0.093,0.38
2016-12-29,24.4189,24.5469,24.4189,24.4583,6278,-0.1056,-0.43
2016-12-30,24.5567,24.6059,24.1827,24.1925,46096,-0.2691,-1.1
2017-01-03,24.3106,24.8126,24.3106,24.7043,8011,0.5105,2.11
2017-01-04,24.9602,24.9602,24.537,24.5567,36509,-0.1482,-0.6
2017-01-05,24.7339,24.8323,24.6158,24.7634,7109,0.2038,0.83
2017-01-06,24.8717,24.8717,24.4189,24.8421,4639,0.0817,0.33
2017-01-09,24.6354,24.7732,24.6256,24.6453,3386,-0.1962,-0.79
2017-01-10,24.6158,24.8225,24.6158,24.8028,1977,0.1577,0.64
2017-01-11,24.8323,24.8323,24.6059,24.8225,4752,0.0198,0.08
2017-01-12,24.6059,24.8225,24.6059,24.8225,549,0.0,0.0
2017-01-13,24.9504,24.9504,24.8717,24.9012,3747,0.0794,0.32
2017-01-17,24.6453,24.9012,24.6453,24.7536,1920,-0.1469,-0.59
2017-01-18,24.7536,24.7536,24.6551,24.7043,1585,-0.0495,-0.2
2017-01-19,24.6,24.9151,24.6,24.8855,9520,0.1803,0.73
2017-01-20,24.7083,24.9643,24.659,24.7674,13294,-0.117,-0.47
2017-01-23,24.4522,24.6492,24.1765,24.2159,4378,-0.5523,-2.23
2017-01-24,24.3833,24.4621,24.3833,24.4621,15409,0.247,1.02
2017-01-25,24.5015,24.6886,24.4719,24.6295,12225,0.1663,0.68
2017-01-26,24.5212,24.6689,24.3932,24.5901,6338,-0.0369,-0.15
2017-01-27,24.9249,24.9249,24.4325,24.5212,3543,-0.0713,-0.29
2017-01-30,24.3833,24.4621,24.2553,24.4424,15568,-0.076,-0.31
2017-01-31,24.3242,24.4128,24.2159,24.2848,8964,-0.1613,-0.66
2017-02-01,24.4128,24.4227,24.1174,24.1568,9132,-0.1263,-0.52
2017-02-02,24.147,24.3833,24.147,24.3538,3241,0.1981,0.82
2017-02-03,24.5015,24.5015,24.275,24.3045,7949,-0.0487,-0.2
2017-02-06,24.3242,24.3242,24.1371,24.1371,112890,-0.1677,-0.69
2017-02-07,24.3242,24.3341,24.1273,24.2651,23950,0.1279,0.53
2017-02-08,24.4128,24.4227,24.275,24.3045,3616,0.0388,0.16
2017-02-09,24.3636,24.8658,24.3636,24.7477,3443,0.4424,1.82
2017-02-10,24.6295,24.856,24.6295,24.7772,3764,0.0322,0.13
2017-02-13,24.8363,25.3976,24.8363,24.8757,6956,0.0966,0.39
2017-02-14,24.8363,25.0037,24.8363,24.9151,10063,0.0398,0.16
2017-02-15,24.8068,25.4764,24.7083,24.7772,8204,-0.137,-0.55
2017-02-16,24.8658,24.8658,24.6689,24.6984,4132,-0.0843,-0.34
2017-02-17,24.8757,25.0136,24.8757,24.9545,1514,0.2642,1.07
2017-02-21,24.9545,25.1416,24.9545,25.1416,3435,0.1872,0.75
2017-02-22,25.1908,25.2893,25.1514,25.2105,5984,0.0654,0.26
2017-02-23,25.0923,25.4173,25.0923,25.2499,3747,0.0378,0.15
2017-02-24,25.1317,25.181,25.0628,25.0628,3455,-0.1868,-0.74
2017-02-27,25.2105,25.2105,25.181,25.181,840,0.1178,0.47
2017-02-28,25.0628,25.0923,24.9643,25.0923,559,-0.0881,-0.35
2017-03-01,25.3582,25.5847,25.2598,25.4272,5648,0.3387,1.35
2017-03-02,25.0234,25.4567,25.0234,25.309,4621,-0.1195,-0.47
2017-03-03,25.309,25.5749,25.309,25.4863,7564,0.1747,0.69
2017-03-06,25.309,25.4863,25.2992,25.4567,2138,-0.0306,-0.12
2017-03-07,25.1908,25.4666,25.1908,25.4075,9268,-0.0535,-0.21
2017-03-08,25.4863,25.4863,25.309,25.309,3006,-0.0965,-0.38
2017-03-09,25.1317,25.2499,25.112,25.1613,2611,-0.1442,-0.57
2017-03-10,25.1711,25.4863,25.1711,25.309,3832,0.1459,0.58
2017-03-13,25.4567,25.506,25.3385,25.3385,6498,0.0304,0.12
2017-03-14,25.3779,25.4567,25.3779,25.4567,1478,0.1191,0.47
2017-03-15,25.506,25.506,25.309,25.3484,1565,-0.112,-0.44
2017-03-16,25.506,25.506,25.506,25.506,301,0.1597,0.63
2017-03-17,25.5385,25.5385,25.4005,25.4892,1850,-0.0204,-0.08
2017-03-20,25.5385,25.5385,25.4498,25.5385,4736,0.0535,0.21
2017-03-21,25.6075,25.8639,25.5878,25.7061,34409,0.1685,0.66
2017-03-22,25.6371,25.6371,25.4498,25.5977,2738,-0.108,-0.42
2017-03-23,25.6864,25.6864,25.5286,25.6371,12954,0.0384,0.15
2017-03-24,25.8639,25.8639,25.7258,25.7949,3210,0.1589,0.62
2017-03-27,25.7258,25.8146,25.7258,25.8047,2058,0.0103,0.04
2017-03-28,25.8047,26.0512,25.7949,25.8935,13526,0.0877,0.34
2017-03-29,25.9329,25.9329,25.8935,25.9132,7877,0.0207,0.08
2017-03-30,25.9329,25.9329,25.8836,25.9033,3217,-0.0104,-0.04
2017-03-31,25.8836,26.4259,25.7653,25.8343,33574,-0.0699,-0.27
2017-04-03,26.0512,26.0512,25.8836,26.0118,6953,0.1783,0.69
2017-04-04,26.1597,26.4259,25.854,26.1104,7512,0.0988,0.38
2017-04-05,26.0118,26.0217,26.0118,26.0217,510,-0.0888,-0.34
2017-04-06,26.0118,26.1203,25.8343,26.0118,7782,-0.0104,-0.04
2017-04-07,25.8047,26.3175,25.8047,26.0512,6661,0.039,0.15
2017-04-10,26.2287,26.3668,26.1301,26.2287,2008,0.1772,0.68
2017-04-11,26.1991,26.278,26.1991,26.278,970,0.0472,0.18
2017-04-12,26.4259,26.4259,26.1301,26.3273,2984,0.0499,0.19
2017-04-13,26.1301,26.2386,26.1203,26.1498,3082,-0.1764,-0.67
2017-04-17,26.1794,26.1794,25.9428,26.1794,1144,0.0262,0.1
2017-04-18,26.1203,26.1203,25.6765,25.9033,5562,-0.2749,-1.05
2017-04-19,25.7875,26.0251,25.7875,25.8766,3610,-0.0285,-0.11
2017-04-20,26.2825,26.2825,25.7875,25.9657,2402,0.088,0.34
2017-04-21,25.837,25.8667,25.7677,25.7974,3576,-0.1662,-0.64
2017-04-24,26.134,26.4508,26.035,26.4112,6994,0.6115,2.37
2017-04-25,26.4904,26.5003,26.1835,26.4508,9511,0.0423,0.16
2017-04-26,26.4904,26.5201,26.4508,26.4508,9721,0.0,0.0
2017-04-27,26.5696,26.5696,26.4706,26.5399,1809,0.0873,0.33
2017-04-28,26.4805,26.4805,26.4409,26.4409,515,-0.0955,-0.36
2017-05-01,26.4211,26.4211,26.332,26.3617,2203,-0.082,-0.31
2017-05-02,26.5102,26.53,26.4805,26.5102,1974,0.1476,0.56
2017-05-03,26.53,26.53,26.4706,26.53,3292,0.0186,0.07
2017-05-04,26.53,26.5795,26.53,26.5795,1648,0.0504,0.19
2017-05-05,26.6784,27.3714,26.6586,27.1932,9768,0.614,2.31
2017-05-08,27.015,27.3021,27.015,27.1536,8223,-0.0408,-0.15
2017-05-09,27.1338,27.2229,26.9754,26.9754,4153,-0.1792,-0.66
2017-05-10,27.0744,27.2031,27.0249,27.0249,10724,0.0486,0.18
2017-05-11,27.0744,27.2229,26.9853,26.9853,2597,-0.0378,-0.14
2017-05-12,27.0051,27.312,27.0051,27.2625,8863,0.2779,1.03
2017-05-15,27.2229,27.3417,27.2229,27.2328,3412,-0.0354,-0.13
2017-05-16,27.3021,27.3813,27.2724,27.312,4534,0.079,0.29
2017-05-17,27.5924,27.5924,27.0157,27.0157,45121,-0.2922,-1.07
2017-05-18,26.966,27.3438,26.4489,27.0654,11116,0.0486,0.18
2017-05-19,27.0654,27.1748,27.0654,27.145,599,0.0812,0.3
2017-05-22,27.3438,27.4731,27.1251,27.1847,7771,0.0407,0.15
2017-05-23,27.1748,27.1947,27.145,27.1947,4348,0.0109,0.04
2017-05-24,27.1748,27.1947,27.1549,27.1947,9118,0.0,0.0
2017-05-25,27.1947,27.1947,27.1151,27.1947,6321,0.0,0.0
2017-05-26,27.1947,27.1947,27.0953,27.1947,3676,0.0,0.0
2017-05-30,27.1947,27.1947,27.0157,27.0157,2027,-0.1795,-0.66
2017-05-31,27.1947,28.1095,27.1947,27.4333,9739,0.4187,1.55
2017-06-01,27.6421,28.199,27.5725,27.5725,3366,0.1399,0.51
2017-06-02,27.5725,27.7515,27.2941,27.7217,2518,0.1434,0.52
2017-06-05,27.7615,28.2288,27.7615,27.7615,9658,0.0443,0.16
2017-06-06,27.5626,27.7913,27.4731,27.4731,3747,-0.2887,-1.04
2017-06-07,27.7913,27.8012,27.3936,27.4532,2015,-0.0165,-0.06
2017-06-08,27.493,27.6521,27.2345,27.4134,5081,-0.0467,-0.17
2017-06-09,27.314,27.3936,27.2941,27.324,4144,-0.0877,-0.32
2017-06-12,27.2643,27.3438,27.0953,27.1151,10746,-0.2077,-0.76
2017-06-13,27.4035,27.483,27.2941,27.4532,4181,0.3389,1.25
2017-06-14,27.7416,27.9205,27.0455,27.3538,5093,-0.0988,-0.36
2017-06-15,27.0754,27.2941,27.0754,27.1549,2711,-0.1997,-0.73
2017-06-16,27.3438,28.0399,27.3438,27.7117,3639,0.5593,2.06
2017-06-19,27.5128,28.0698,27.3039,27.6521,18364,-0.0637,-0.23
2017-06-20,27.6322,27.6719,27.5924,27.6023,3822,-0.0498,-0.18
2017-06-21,27.4929,27.7515,27.3338,27.7515,2881,0.1491,0.54
2017-06-22,27.5029,27.7913,27.105,27.105,2914,-0.6466,-2.33
2017-06-23,27.0751,27.5327,27.0751,27.483,3367,0.3741,1.38
2017-06-26,27.4631,27.7416,27.4332,27.5426,2200,0.0577,0.21
2017-06-27,27.1647,27.6918,27.1249,27.1249,1790,-0.4131,-1.5
2017-06-28,27.1249,27.1448,27.1249,27.1249,2370,0.0,0.0
2017-06-29,27.0055,27.4133,26.4485,26.7469,5572,-0.3825,-1.41
2017-06-30,26.737,26.7966,26.4385,26.4385,1633,-0.3049,-1.14
2017-07-03,26.4286,27.0055,26.4286,26.8364,2282,0.3914,1.48
2017-07-05,26.5877,27.3835,26.359,26.5082,6284,-0.3247,-1.21
2017-07-06,26.3689,27.0354,26.3689,26.8165,6854,0.3127,1.18
2017-07-07,26.6176,27.1547,26.5679,26.6972,15369,-0.1234,-0.46
2017-07-10,26.7966,27.095,26.5877,26.8563,5704,0.1602,0.6
2017-07-11,26.6972,26.6972,26.548,26.6275,2525,-0.2283,-0.85
2017-07-12,26.6275,26.8563,26.4385,26.8563,2899,0.229,0.86
2017-07-13,26.548,27.105,26.548,26.906,2072,0.051,0.19
2017-07-14,27.1547,27.1547,26.7867,26.916,2078,0.0054,0.02
2017-07-17,27.0055,27.1547,26.8563,27.0851,2806,0.1696,0.63
2017-07-18,26.8563,27.1448,26.8563,26.8762,7086,-0.2058,-0.76
2017-07-19,26.8613,27.1598,26.8513,27.0703,3497,0.1988,0.74
2017-07-20,26.8513,27.0703,26.8513,27.0703,2872,0.0,0.0
2017-07-21,27.0504,27.0802,26.7817,26.8016,11930,-0.2735,-1.01
2017-07-24,26.5428,27.0802,26.4831,26.6821,4227,-0.1206,-0.45
2017-07-25,26.7518,26.9011,26.4333,26.5826,5802,-0.0987,-0.37
2017-07-26,26.5129,26.8911,26.5129,26.8115,3067,0.2339,0.88
2017-07-27,26.8215,26.8911,26.7717,26.8812,1025,0.0644,0.24
2017-07-28,26.5528,26.8016,26.2741,26.6224,6900,-0.2581,-0.96
2017-07-31,26.5826,26.5826,26.3935,26.3935,4664,-0.229,-0.86
2017-08-01,26.6125,26.7717,26.4134,26.702,4970,0.3062,1.16
2017-08-02,26.4035,26.8712,26.4035,26.4333,8004,-0.267,-1.0
2017-08-03,26.5727,26.7618,26.4035,26.5229,9556,0.0899,0.34
2017-08-04,26.6622,26.8016,26.493,26.8016,7899,0.2811,1.06
2017-08-07,26.7319,26.8613,26.5229,26.8613,2376,0.059,0.22
2017-08-08,26.7219,26.7219,26.4333,26.5826,4399,-0.2794,-1.04
2017-08-09,26.5229,26.8513,26.4731,26.493,2028,-0.0904,-0.34
2017-08-10,26.7219,26.7319,26.4035,26.4731,2727,-0.0212,-0.08
2017-08-11,26.4433,26.5329,26.3537,26.3637,7233,-0.1085,-0.41
2017-08-14,26.5727,26.6622,26.4035,26.6622,1896,0.3005,1.14
2017-08-15,26.4234,26.503,26.4234,26.503,352,-0.1627,-0.61
2017-08-16,26.5627,26.6622,26.3935,26.5926,8917,0.0901,0.34
2017-08-17,26.5478,26.5478,25.9505,26.488,1651,-0.101,-0.38
2017-08-18,26.3487,26.3487,26.3487,26.3487,504,-0.1404,-0.53
2017-08-21,26.3985,26.6672,25.9505,26.0501,7006,-0.3057,-1.16
2017-08-22,26.2989,26.5776,26.2989,26.488,6452,0.4428,1.7
2017-08-23,26.3885,26.498,26.3885,26.3985,3403,-0.0901,-0.34
2017-08-24,26.3885,26.488,26.3785,26.4681,5551,0.0686,0.26
2017-08-25,26.3785,26.4681,26.1396,26.2691,9830,-0.1985,-0.75
2017-08-28,26.5179,26.5279,26.06,26.1596,21259,-0.1103,-0.42
2017-08-29,26.289,26.289,26.1197,26.289,1359,0.1282,0.49
2017-08-30,26.289,26.289,26.279,26.279,575,-0.0105,-0.04
2017-08-31,26.279,26.508,26.279,26.3586,3630,0.0762,0.29
2017-09-01,26.279,26.6374,26.0302,26.4781,10222,0.1239,0.47
2017-09-05,26.5279,26.5378,26.1994,26.1994,5779,-0.2753,-1.04
2017-09-06,26.1297,26.4482,26.0899,26.4482,3312,0.2515,0.96
2017-09-07,26.3288,26.3586,26.1297,26.3188,4762,-0.1323,-0.5
2017-09-08,26.0799,26.6174,26.07,26.3785,5729,0.0605,0.23
2017-09-11,26.4781,26.8563,26.4781,26.7867,11276,0.4089,1.55
2017-09-12,26.4582,26.7867,25.9903,26.7867,4576,-0.0054,-0.02
2017-09-13,26.2292,26.4781,26.0003,26.4781,4974,-0.3053,-1.14
2017-09-14,26.5975,26.7668,26.1695,26.2691,9514,-0.2118,-0.8
2017-09-15,26.2292,26.5776,26.1795,26.1795,3158,-0.0867,-0.33
2017-09-18,26.1795,26.6772,25.9605,25.9605,13352,-0.2199,-0.84
2017-09-19,25.9605,26.1898,25.7711,25.8707,11662,-0.0883,-0.34
2017-09-20,26.3393,26.6783,26.1,26.6683,10428,0.7968,3.08
2017-09-21,26.2695,26.3593,25.8907,26.2296,7442,-0.4373,-1.64
2017-09-22,26.4589,26.6185,26.3194,26.3194,9949,0.0892,0.34
2017-09-25,26.2695,26.758,26.2695,26.6185,5113,0.3,1.14
2017-09-26,26.3194,26.6783,26.2596,26.6783,7541,0.0586,0.22
2017-09-27,26.8976,26.8976,26.429,26.6384,7822,-0.0373,-0.14
2017-09-28,26.4689,26.6982,25.8807,26.6484,4131,0.008,0.03
2017-09-29,26.4889,26.8378,26.3194,26.768,5175,0.1199,0.45
2017-10-02,26.8378,26.8876,26.7979,26.8876,11440,0.1205,0.45
2017-10-03,26.9076,27.1668,25.9904,27.107,7050,0.2205,0.82
2017-10-04,26.9475,26.9674,26.9076,26.9076,5902,-0.2006,-0.74
2017-10-05,27.087,27.107,27.0671,27.0671,757,0.1641,0.61
2017-10-06,26.9175,26.9774,26.9175,26.9774,1293,-0.092,-0.34
2017-10-09,26.9774,27.1169,26.9574,27.0771,4667,0.0944,0.35
2017-10-10,27.0671,27.1169,27.0172,27.1169,7594,0.046,0.17
2017-10-11,27.1269,27.1269,27.0771,27.0771,2472,-0.0407,-0.15
2017-10-12,27.1967,27.5356,27.1668,27.4758,10058,0.398,1.47
2017-10-13,27.2665,27.7949,27.1767,27.6453,6608,0.1703,0.62
2017-10-16,27.3363,27.8048,27.3363,27.3363,3306,-0.3096,-1.12
2017-10-18,27.9962,27.9962,27.9962,27.9962,177,0.6562,2.4
2017-10-19,27.3073,27.9563,27.1076,27.9563,2087,-0.0336,-0.12
2017-10-20,27.2075,27.2075,27.0078,27.0078,8870,-0.9477,-3.39
2017-10-23,27.0178,27.6568,27.0178,27.4671,1729,0.4618,1.71
2017-10-24,27.1176,27.2075,26.9579,27.0577,3406,-0.412,-1.5
2017-10-25,25.9494,26.9778,25.9494,26.6284,14666,-0.4302,-1.59
2017-10-26,26.6983,27.2075,26.6983,26.9978,1909,0.3701,1.39
2017-10-27,27.2973,27.4271,26.858,27.1276,7599,0.1242,0.46
2017-10-30,27.6967,27.6967,27.0677,27.0677,384,-0.057,-0.21
2017-10-31,27.3073,27.3073,25.8795,26.199,2208,-0.8717,-3.22
2017-11-01,26.209,27.4571,26.1491,27.4071,3708,1.2128,4.63
2017-11-02,26.7082,27.4571,26.7082,27.0777,1919,-0.3289,-1.2
2017-11-03,27.1575,27.1575,27.1076,27.1575,546,0.0785,0.29
2017-11-06,26.1391,27.4571,26.1391,27.2075,3582,0.0489,0.18
2017-11-07,26.5884,27.4571,26.3788,26.858,2677,-0.3482,-1.28
2017-11-08,26.7981,27.1675,26.7981,27.1675,754,0.3089,1.15
2017-11-09,26.4486,26.4486,26.4486,26.4486,295,-0.7144,-2.63
2017-11-10,27.0078,27.1975,25.8795,26.7781,39287,0.3201,1.21
2017-11-13,26.9179,27.477,26.2889,26.2889,6678,-0.4846,-1.81
2017-11-14,26.4287,26.9279,25.9594,26.5685,7903,0.2787,1.06
2017-11-15,26.5185,26.6483,26.4387,26.5485,3209,-0.0159,-0.06
2017-11-16,26.0493,26.9179,25.9894,26.868,1248,0.3107,1.17
2017-11-17,26.05,26.74,26.05,26.74,14201,-0.12,-0.46
2017-11-20,26.74,27.27,26.19,27.23,24226,0.49,1.83
2017-11-21,26.14,26.63,26.09,26.5,5854,-0.73,-2.68
2017-11-22,26.89,27.49,26.17,26.9,27673,0.4,1.51
2017-11-24,27.0,27.05,26.5,26.77,5974,-0.13,-0.49
2017-11-27,26.8,26.8,26.51,26.56,11880,-0.21,-0.78
2017-11-28,26.68,26.87,26.68,26.76,2511,0.2,0.75
2017-11-29,26.5,26.94,26.48,26.94,4040,0.18,0.67
2017-11-30,26.72,26.93,26.72,26.82,3138,-0.12,-0.44
